{"image_id": "cutting_vegetables_159", "figure": {"gender": 1, "age": 2, "height": 2, "shape": 2, "skinColor": 2, "hair": 1}, "scene": {"season": 3, "sceneClass": "35", "event": 1, "color": [[205.137613368565, 199.60651289009843, 199.2819633887894], [178.86864560639052, 160.7885197288787, 152.86673928830933], [100.84350358740964, 71.94988278752767, 49.74699865027944], [55.81673574106921, 32.88016577857077, 14.932464969406595], [146.14102810012477, 118.22182794667694, 103.07634027045182]]}, "clothes": [{"clothType": 1, "UpperType": 5, "UpperLength": 3, "UpperModel": 3, "UpperCollar": 2, "UpperSleeveLength": 5, "UpperShouders": 1, "UpperSleeve": 0, "UpperCuff": 1, "UpperOpening": 1, "UpperMaterial": 5, "UpperPattern": 1, "TrousersType": 0, "TrousersWaist": 0, "TrousersLength": 0, "TrousersModel": 0, "TrousersMaterial": 0, "TrousersPattern": 0, "SkirtType": 0, "SkirtWaist": 0, "SkirtLength": 0, "SkirtFold": 0, "SkirtMaterial": 0, "SkirtPattern": 0}], "rate": 1}