{"image_id": "cutting_vegetables_147", "figure": {"gender": 0, "age": 2, "height": 2, "shape": 2, "skinColor": 1, "hair": 3}, "scene": {"season": 2, "sceneClass": "35", "event": 1, "color": [[103.5496205318355, 91.76223857250437, 72.50729969294979], [41.50703134679982, 31.39892826167548, 23.34778837814565], [161.83053114253005, 139.031715705005, 117.08509743981693], [204.23861270713883, 205.55470896827416, 196.32617203763692], [174.60324336332465, 33.850216594465934, 44.06192380317672]]}, "clothes": [{"clothType": 1, "UpperType": 11, "UpperLength": 3, "UpperModel": 3, "UpperCollar": 10, "UpperSleeveLength": 1, "UpperShouders": 1, "UpperSleeve": 0, "UpperCuff": 3, "UpperOpening": 1, "UpperMaterial": 5, "UpperPattern": 1, "TrousersType": 0, "TrousersWaist": 0, "TrousersLength": 0, "TrousersModel": 0, "TrousersMaterial": 0, "TrousersPattern": 0, "SkirtType": 0, "SkirtWaist": 0, "SkirtLength": 0, "SkirtFold": 0, "SkirtMaterial": 0, "SkirtPattern": 0}], "rate": 1}