{"image_id": "cutting_vegetables_122", "figure": {"gender": 0, "age": 2, "height": 2, "shape": 2, "skinColor": 1, "hair": 2}, "scene": {"season": 2, "sceneClass": "33", "event": 1, "color": [[151.5451863834253, 123.66688869329373, 97.32583200513818], [182.4765982233894, 169.41995048784204, 153.5049075287619], [111.16213155939563, 57.24072042744622, 59.151763914937575], [39.165983139669706, 30.406242879926737, 24.63761676919657], [228.66079830020226, 230.2185460616207, 218.59644862649836]]}, "clothes": [{"clothType": 1, "UpperType": 5, "UpperLength": 3, "UpperModel": 3, "UpperCollar": 5, "UpperSleeveLength": 2, "UpperShouders": 1, "UpperSleeve": 0, "UpperCuff": 3, "UpperOpening": 1, "UpperMaterial": 5, "UpperPattern": 1, "TrousersType": 0, "TrousersWaist": 0, "TrousersLength": 0, "TrousersModel": 0, "TrousersMaterial": 0, "TrousersPattern": 0, "SkirtType": 0, "SkirtWaist": 0, "SkirtLength": 0, "SkirtFold": 0, "SkirtMaterial": 0, "SkirtPattern": 0}], "rate": 1}