{"image_id": "cutting_vegetables_160", "figure": {"gender": 0, "age": 2, "height": 2, "shape": 2, "skinColor": 1, "hair": 2}, "scene": {"season": 2, "sceneClass": "35", "event": 1, "color": [[214.91802987197266, 211.76377034929277, 208.9527817290982], [189.25646597639494, 168.71017086369216, 144.17793685286952], [164.76900074757043, 126.10271617243937, 76.60842262646351], [116.55049629746038, 72.96355233443772, 15.922955727104522], [29.227782783190577, 27.898271766730176, 22.362601359652274]]}, "clothes": [{"clothType": 1, "UpperType": 5, "UpperLength": 3, "UpperModel": 3, "UpperCollar": 10, "UpperSleeveLength": 2, "UpperShouders": 2, "UpperSleeve": 0, "UpperCuff": 3, "UpperOpening": 2, "UpperMaterial": 5, "UpperPattern": 1, "TrousersType": 0, "TrousersWaist": 0, "TrousersLength": 0, "TrousersModel": 0, "TrousersMaterial": 0, "TrousersPattern": 0, "SkirtType": 0, "SkirtWaist": 0, "SkirtLength": 0, "SkirtFold": 0, "SkirtMaterial": 0, "SkirtPattern": 0}], "rate": 1}