{"image_id": "cutting_vegetables_121", "figure": {"gender": 0, "age": 2, "height": 2, "shape": 2, "skinColor": 1, "hair": 1}, "scene": {"season": 2, "sceneClass": "65", "event": 1, "color": [[95.68439137531172, 81.46731380465675, 65.35400738768166], [203.36553603876396, 183.9095497678187, 167.59347869977793], [44.4932447904734, 37.00469429814636, 28.100068697046225], [153.12311814238362, 131.68742026027064, 107.4080122480225], [96.12784793646676, 120.55422471032414, 129.44642624658263]]}, "clothes": [{"clothType": 1, "UpperType": 16, "UpperLength": 4, "UpperModel": 2, "UpperCollar": 10, "UpperSleeveLength": 2, "UpperShouders": 1, "UpperSleeve": 0, "UpperCuff": 1, "UpperOpening": 1, "UpperMaterial": 5, "UpperPattern": 2, "TrousersType": 0, "TrousersWaist": 0, "TrousersLength": 0, "TrousersModel": 0, "TrousersMaterial": 0, "TrousersPattern": 0, "SkirtType": 0, "SkirtWaist": 0, "SkirtLength": 0, "SkirtFold": 0, "SkirtMaterial": 0, "SkirtPattern": 0}], "rate": 1}