{"image_id": "cutting_vegetables_155", "figure": {"gender": 1, "age": 2, "height": 2, "shape": 2, "skinColor": 2, "hair": 1}, "scene": {"season": 1, "sceneClass": "35", "event": 5, "color": [[25.091361933813644, 18.907479630845955, 19.292176699998016], [179.82768857452342, 167.26844442150326, 153.33607826939487], [153.96994175184236, 105.50719859325187, 68.44312561819991], [91.25392118096761, 50.90259654672576, 30.79379201265182], [234.86662106702897, 175.19485294117942, 125.0153898768801]]}, "clothes": [{"clothType": 1, "UpperType": 16, "UpperLength": 3, "UpperModel": 3, "UpperCollar": 11, "UpperSleeveLength": 5, "UpperShouders": 1, "UpperSleeve": 0, "UpperCuff": 3, "UpperOpening": 2, "UpperMaterial": 5, "UpperPattern": 1, "TrousersType": 0, "TrousersWaist": 0, "TrousersLength": 0, "TrousersModel": 0, "TrousersMaterial": 0, "TrousersPattern": 0, "SkirtType": 0, "SkirtWaist": 0, "SkirtLength": 0, "SkirtFold": 0, "SkirtMaterial": 0, "SkirtPattern": 0}], "rate": 1}