{"image_id": "cutting_vegetables_149", "figure": {"gender": 1, "age": 2, "height": 2, "shape": 2, "skinColor": 1, "hair": 3}, "scene": {"season": 3, "sceneClass": "35", "event": 5, "color": [[13.210116090794102, 10.102094025306087, 7.811565167277337], [59.247265300471476, 42.881438659651366, 38.729022431459995], [174.1475929978159, 139.36900072939278, 121.7135667396063], [143.6171415298869, 82.95943016413776, 49.288053576959086], [221.65634729483992, 156.32109498912988, 114.33513481760028]]}, "clothes": [{"clothType": 1, "UpperType": 16, "UpperLength": 3, "UpperModel": 3, "UpperCollar": 11, "UpperSleeveLength": 5, "UpperShouders": 1, "UpperSleeve": 0, "UpperCuff": 3, "UpperOpening": 2, "UpperMaterial": 5, "UpperPattern": 1, "TrousersType": 0, "TrousersWaist": 0, "TrousersLength": 0, "TrousersModel": 0, "TrousersMaterial": 0, "TrousersPattern": 0, "SkirtType": 0, "SkirtWaist": 0, "SkirtLength": 0, "SkirtFold": 0, "SkirtMaterial": 0, "SkirtPattern": 0}], "rate": 1}