{"image_id": "cutting_vegetables_162", "figure": {"gender": 1, "age": 2, "height": 2, "shape": 2, "skinColor": 1, "hair": 1}, "scene": {"season": 3, "sceneClass": "35", "event": 1, "color": [[243.76818562373032, 245.62911135032223, 246.6796077024249], [193.44744428256925, 189.84932271163285, 186.81327299215772], [161.1667493181244, 148.43894123481243, 137.20976940242934], [19.258466888415768, 15.911097671605319, 14.35228303598197], [124.88508162275514, 96.42209471472596, 81.9138516243716]]}, "clothes": [{"clothType": 1, "UpperType": 7, "UpperLength": 3, "UpperModel": 3, "UpperCollar": 4, "UpperSleeveLength": 5, "UpperShouders": 1, "UpperSleeve": 0, "UpperCuff": 1, "UpperOpening": 1, "UpperMaterial": 4, "UpperPattern": 1, "TrousersType": 0, "TrousersWaist": 0, "TrousersLength": 0, "TrousersModel": 0, "TrousersMaterial": 0, "TrousersPattern": 0, "SkirtType": 0, "SkirtWaist": 0, "SkirtLength": 0, "SkirtFold": 0, "SkirtMaterial": 0, "SkirtPattern": 0}], "rate": 1}