{"image_id": "cutting_vegetables_130", "figure": {"gender": 0, "age": 3, "height": 2, "shape": 2, "skinColor": 1, "hair": 2}, "scene": {"season": 4, "sceneClass": "35", "event": 1, "color": [[179.0682544656853, 156.85344197221391, 144.54256763814743], [157.80186487812855, 118.69710453132639, 90.15557009651504], [224.64299317200107, 209.93785127038274, 199.88104417297666], [80.3193501332951, 63.3946481565316, 48.32065791459047], [158.07724056603726, 46.89887971698397, 48.096580188676995]]}, "clothes": [{"clothType": 1, "UpperType": 6, "UpperLength": 3, "UpperModel": 3, "UpperCollar": 5, "UpperSleeveLength": 2, "UpperShouders": 1, "UpperSleeve": 0, "UpperCuff": 3, "UpperOpening": 1, "UpperMaterial": 4, "UpperPattern": 1, "TrousersType": 0, "TrousersWaist": 0, "TrousersLength": 0, "TrousersModel": 0, "TrousersMaterial": 0, "TrousersPattern": 0, "SkirtType": 0, "SkirtWaist": 0, "SkirtLength": 0, "SkirtFold": 0, "SkirtMaterial": 0, "SkirtPattern": 0}], "rate": 1}