{"image_id": "cutting_vegetables_158", "figure": {"gender": 0, "age": 1, "height": 1, "shape": 2, "skinColor": 2, "hair": 1}, "scene": {"season": 2, "sceneClass": "58", "event": 1, "color": [[220.10032077814577, 217.21054083885107, 215.05965438741595], [183.8706319147756, 153.29043452303236, 129.06623257896592], [140.16831199711353, 101.32562681782375, 68.53939239539321], [48.967675607023324, 36.98273411750196, 32.48879683105915], [143.9475942713089, 218.58799549428835, 232.3790698921871]]}, "clothes": [{"clothType": 4, "UpperType": 5, "UpperLength": 3, "UpperModel": 3, "UpperCollar": 5, "UpperSleeveLength": 2, "UpperShouders": 1, "UpperSleeve": 0, "UpperCuff": 3, "UpperOpening": 1, "UpperMaterial": 5, "UpperPattern": 1, "TrousersType": 0, "TrousersWaist": 0, "TrousersLength": 0, "TrousersModel": 0, "TrousersMaterial": 0, "TrousersPattern": 0, "SkirtType": 5, "SkirtWaist": 2, "SkirtLength": 2, "SkirtFold": 2, "SkirtMaterial": 2, "SkirtPattern": 1}], "rate": 1}