{"image_id": "cutting_vegetables_126", "figure": {"gender": 0, "age": 2, "height": 2, "shape": 2, "skinColor": 1, "hair": 1}, "scene": {"season": 4, "sceneClass": "35", "event": 1, "color": [[92.88822806164848, 76.51013639092926, 67.52966574214379], [133.22161390145175, 115.8314984527492, 99.99384075220189], [43.030000000001394, 40.22443686006636, 37.73228668941938], [248.29478246090977, 249.51597552684626, 249.7506373215522], [169.71396672189024, 170.6793920622345, 158.87214578981516]]}, "clothes": [{"clothType": 1, "UpperType": 6, "UpperLength": 3, "UpperModel": 3, "UpperCollar": 11, "UpperSleeveLength": 4, "UpperShouders": 1, "UpperSleeve": 0, "UpperCuff": 3, "UpperOpening": 1, "UpperMaterial": 4, "UpperPattern": 2, "TrousersType": 0, "TrousersWaist": 0, "TrousersLength": 0, "TrousersModel": 0, "TrousersMaterial": 0, "TrousersPattern": 0, "SkirtType": 0, "SkirtWaist": 0, "SkirtLength": 0, "SkirtFold": 0, "SkirtMaterial": 0, "SkirtPattern": 0}], "rate": 1}