{"image_id": "cutting_vegetables_123", "figure": {"gender": 0, "age": 2, "height": 2, "shape": 3, "skinColor": 2, "hair": 1}, "scene": {"season": 2, "sceneClass": "35", "event": 1, "color": [[133.70177304021934, 98.13211409128319, 49.34070549456138], [50.82082762669022, 36.182645274897375, 24.90011739385293], [187.08708353775873, 157.35776727175957, 125.86559475491408], [195.16126186893953, 32.86229440149862, 56.164167488196064], [240.5019744483203, 236.61811846690603, 234.21076267905153]]}, "clothes": [{"clothType": 1, "UpperType": 5, "UpperLength": 3, "UpperModel": 3, "UpperCollar": 5, "UpperSleeveLength": 2, "UpperShouders": 1, "UpperSleeve": 0, "UpperCuff": 3, "UpperOpening": 1, "UpperMaterial": 5, "UpperPattern": 3, "TrousersType": 0, "TrousersWaist": 0, "TrousersLength": 0, "TrousersModel": 0, "TrousersMaterial": 0, "TrousersPattern": 0, "SkirtType": 0, "SkirtWaist": 0, "SkirtLength": 0, "SkirtFold": 0, "SkirtMaterial": 0, "SkirtPattern": 0}], "rate": 1}