{"image_id": "cutting_vegetables_157", "figure": {"gender": 1, "age": 2, "height": 2, "shape": 2, "skinColor": 1, "hair": 1}, "scene": {"season": 2, "sceneClass": "35", "event": 1, "color": [[150.53071959221322, 92.64272544872837, 59.5571552518829], [168.24847189101794, 134.43773812460682, 112.89956966258313], [194.1252187143403, 179.94499809813522, 165.2510840623791], [102.08867853442368, 43.513092210604285, 21.32951869642767], [236.33571638429135, 224.02262266183416, 214.39114680246524]]}, "clothes": [{"clothType": 1, "UpperType": 16, "UpperLength": 4, "UpperModel": 2, "UpperCollar": 9, "UpperSleeveLength": 6, "UpperShouders": 3, "UpperSleeve": 0, "UpperCuff": 3, "UpperOpening": 5, "UpperMaterial": 5, "UpperPattern": 1, "TrousersType": 0, "TrousersWaist": 0, "TrousersLength": 0, "TrousersModel": 0, "TrousersMaterial": 0, "TrousersPattern": 0, "SkirtType": 0, "SkirtWaist": 0, "SkirtLength": 0, "SkirtFold": 0, "SkirtMaterial": 0, "SkirtPattern": 0}], "rate": 1}