{"image_id": "cutting_vegetables_136", "figure": {"gender": 0, "age": 2, "height": 2, "shape": 2, "skinColor": 1, "hair": 3}, "scene": {"season": 1, "sceneClass": "35", "event": 1, "color": [[244.58298489842255, 239.75357863150685, 234.19678784003224], [205.7968630157998, 192.71337628470653, 164.11209541340668], [220.8317438163907, 152.38047607970663, 88.84050554392324], [135.24165965797533, 125.77959069245703, 88.96635828427266], [77.90121407077245, 49.22859811144147, 20.757808446615712]]}, "clothes": [{"clothType": 1, "UpperType": 5, "UpperLength": 3, "UpperModel": 3, "UpperCollar": 10, "UpperSleeveLength": 4, "UpperShouders": 1, "UpperSleeve": 0, "UpperCuff": 1, "UpperOpening": 1, "UpperMaterial": 5, "UpperPattern": 2, "TrousersType": 0, "TrousersWaist": 0, "TrousersLength": 0, "TrousersModel": 0, "TrousersMaterial": 0, "TrousersPattern": 0, "SkirtType": 0, "SkirtWaist": 0, "SkirtLength": 0, "SkirtFold": 0, "SkirtMaterial": 0, "SkirtPattern": 0}], "rate": 1}