{"image_id": "cutting_vegetables_141", "figure": {"gender": 1, "age": 2, "height": 2, "shape": 2, "skinColor": 1, "hair": 3}, "scene": {"season": 2, "sceneClass": "35", "event": 1, "color": [[162.55570564397615, 134.22220590826277, 108.76572502496043], [116.37160208212748, 90.10021849495436, 62.85100571942491], [52.179652708255645, 46.42054751959314, 33.1957054579336], [190.03634490876797, 171.68010594467287, 164.67955414949722], [249.782856724929, 248.94953558107636, 247.9985372632263]]}, "clothes": [{"clothType": 1, "UpperType": 5, "UpperLength": 3, "UpperModel": 3, "UpperCollar": 5, "UpperSleeveLength": 2, "UpperShouders": 1, "UpperSleeve": 0, "UpperCuff": 3, "UpperOpening": 1, "UpperMaterial": 5, "UpperPattern": 3, "TrousersType": 0, "TrousersWaist": 0, "TrousersLength": 0, "TrousersModel": 0, "TrousersMaterial": 0, "TrousersPattern": 0, "SkirtType": 0, "SkirtWaist": 0, "SkirtLength": 0, "SkirtFold": 0, "SkirtMaterial": 0, "SkirtPattern": 0}], "rate": 1}