{"image_id": "cutting_vegetables_152", "figure": {"gender": 1, "age": 2, "height": 2, "shape": 3, "skinColor": 1, "hair": 1}, "scene": {"season": 2, "sceneClass": "35", "event": 1, "color": [[149.5130060803795, 128.50944683375363, 110.00854219190323], [198.65214101981985, 175.73151762747807, 145.56129520351195], [229.97878353788064, 221.5302566882143, 199.05509311239064], [18.047089115822928, 16.683119490262712, 17.509295627123834], [101.44385512956526, 69.30590493509087, 56.75082083143993]]}, "clothes": [{"clothType": 1, "UpperType": 5, "UpperLength": 3, "UpperModel": 3, "UpperCollar": 6, "UpperSleeveLength": 2, "UpperShouders": 1, "UpperSleeve": 0, "UpperCuff": 1, "UpperOpening": 1, "UpperMaterial": 5, "UpperPattern": 1, "TrousersType": 0, "TrousersWaist": 0, "TrousersLength": 0, "TrousersModel": 0, "TrousersMaterial": 0, "TrousersPattern": 0, "SkirtType": 0, "SkirtWaist": 0, "SkirtLength": 0, "SkirtFold": 0, "SkirtMaterial": 0, "SkirtPattern": 0}], "rate": 1}