{"image_id": "cutting_vegetables_124", "figure": {"gender": 0, "age": 2, "height": 2, "shape": 2, "skinColor": 2, "hair": 1}, "scene": {"season": 1, "sceneClass": "35", "event": 1, "color": [[164.61474569081656, 168.16332086530392, 144.6558824663499], [131.81911043891947, 132.00151242804043, 98.8873755810156], [206.92060661872608, 217.04165605346248, 190.51366655564502], [98.38568989348366, 87.93648264086035, 56.09052768517255], [37.8304204765365, 34.84148216737498, 20.067345690234788]]}, "clothes": [{"clothType": 1, "UpperType": 5, "UpperLength": 3, "UpperModel": 3, "UpperCollar": 6, "UpperSleeveLength": 5, "UpperShouders": 1, "UpperSleeve": 0, "UpperCuff": 3, "UpperOpening": 2, "UpperMaterial": 5, "UpperPattern": 1, "TrousersType": 0, "TrousersWaist": 0, "TrousersLength": 0, "TrousersModel": 0, "TrousersMaterial": 0, "TrousersPattern": 0, "SkirtType": 0, "SkirtWaist": 0, "SkirtLength": 0, "SkirtFold": 0, "SkirtMaterial": 0, "SkirtPattern": 0}], "rate": 1}