{"image_id": "cutting_vegetables_153", "figure": {"gender": 0, "age": 3, "height": 2, "shape": 2, "skinColor": 1, "hair": 3}, "scene": {"season": 2, "sceneClass": "35", "event": 1, "color": [[16.49284812789061, 7.887393072499648, 5.32807460384312], [72.28833623933194, 44.315407910434324, 22.985317059741455], [139.85758799769175, 106.40773225620308, 77.26428159261415], [229.27566574839156, 206.16216712580302, 174.95390266299444], [211.59014398702013, 158.98316771445985, 114.72257148651425]]}, "clothes": [{"clothType": 1, "UpperType": 5, "UpperLength": 3, "UpperModel": 3, "UpperCollar": 6, "UpperSleeveLength": 1, "UpperShouders": 1, "UpperSleeve": 0, "UpperCuff": 3, "UpperOpening": 2, "UpperMaterial": 5, "UpperPattern": 1, "TrousersType": 0, "TrousersWaist": 0, "TrousersLength": 0, "TrousersModel": 0, "TrousersMaterial": 0, "TrousersPattern": 0, "SkirtType": 0, "SkirtWaist": 0, "SkirtLength": 0, "SkirtFold": 0, "SkirtMaterial": 0, "SkirtPattern": 0}], "rate": 1}