{"image_id": "cutting_vegetables_151", "figure": {"gender": 0, "age": 3, "height": 1, "shape": 2, "skinColor": 1, "hair": 2}, "scene": {"season": 4, "sceneClass": "35", "event": 1, "color": [[46.81365503080297, 32.562628336755935, 12.401157364195036], [98.63399169565689, 74.61884188082138, 35.28442374593189], [172.6900579242248, 130.15687019276413, 75.35932010255422], [221.59708133119994, 200.3787150738578, 178.93931304502598], [21.021944444445666, 65.53194444444435, 105.8574999999991]]}, "clothes": [{"clothType": 1, "UpperType": 5, "UpperLength": 3, "UpperModel": 3, "UpperCollar": 6, "UpperSleeveLength": 5, "UpperShouders": 1, "UpperSleeve": 0, "UpperCuff": 1, "UpperOpening": 1, "UpperMaterial": 5, "UpperPattern": 1, "TrousersType": 0, "TrousersWaist": 0, "TrousersLength": 0, "TrousersModel": 0, "TrousersMaterial": 0, "TrousersPattern": 0, "SkirtType": 0, "SkirtWaist": 0, "SkirtLength": 0, "SkirtFold": 0, "SkirtMaterial": 0, "SkirtPattern": 0}], "rate": 1}