{"image_id": "drinking_165", "figure": {"gender": 0, "age": 2, "height": 2, "shape": 2, "skinColor": 1, "hair": 3}, "scene": {"season": 1, "sceneClass": "65", "event": 1, "color": [[97.52452710891025, 131.00895726856265, 132.38645344854984], [18.793268956061162, 22.391377635562776, 26.674761442203042], [71.66579721776314, 83.7855805243443, 78.23518592830438], [152.82210031348, 100.48981191222539, 73.45566502463022], [220.25414431984598, 230.32569478303267, 229.80923939541628]]}, "clothes": [{"clothType": 2, "UpperType": 14, "UpperLength": 3, "UpperModel": 3, "UpperCollar": 3, "UpperSleeveLength": 5, "UpperShouders": 1, "UpperSleeve": 0, "UpperCuff": 1, "UpperOpening": 1, "UpperMaterial": 5, "UpperPattern": 1, "TrousersType": 2, "TrousersWaist": 2, "TrousersLength": 4, "TrousersModel": 2, "TrousersMaterial": 0, "TrousersPattern": 1, "SkirtType": 0, "SkirtWaist": 0, "SkirtLength": 0, "SkirtFold": 0, "SkirtMaterial": 0, "SkirtPattern": 0}], "rate": 1}