{"image_id": "drinking_190", "figure": {"gender": 0, "age": 1, "height": 1, "shape": 2, "skinColor": 2, "hair": 1}, "scene": {"season": 1, "sceneClass": "46", "event": 1, "color": [[23.24658274770441, 21.71088501042685, 14.51785852189363], [122.64506121773724, 104.4617389146248, 100.0503805426858], [141.79132609763948, 137.82696860064814, 141.22640582428483], [75.61103573043854, 57.827529021558405, 47.986883763002524], [175.21977299880984, 176.99121863799274, 188.05686977299976]]}, "clothes": [{"clothType": 1, "UpperType": 5, "UpperLength": 3, "UpperModel": 3, "UpperCollar": 5, "UpperSleeveLength": 5, "UpperShouders": 1, "UpperSleeve": 0, "UpperCuff": 1, "UpperOpening": 0, "UpperMaterial": 5, "UpperPattern": 1, "TrousersType": 0, "TrousersWaist": 0, "TrousersLength": 0, "TrousersModel": 0, "TrousersMaterial": 0, "TrousersPattern": 0, "SkirtType": 0, "SkirtWaist": 0, "SkirtLength": 0, "SkirtFold": 0, "SkirtMaterial": 0, "SkirtPattern": 0}], "rate": 1}