{"image_id": "drinking_167", "figure": {"gender": 0, "age": 2, "height": 2, "shape": 2, "skinColor": 1, "hair": 3}, "scene": {"season": 2, "sceneClass": "38", "event": 1, "color": [[111.97374846661756, 40.25903382206934, 31.970886149891772], [67.08689793079597, 19.545339940881643, 16.71242682432158], [13.0896206533222, 2.433508956798697, 3.272286617493915], [162.8933349500847, 98.5106099187602, 71.9590153995397], [224.73154900817048, 196.73964410735346, 169.71287922987074]]}, "clothes": [{"clothType": 1, "UpperType": 16, "UpperLength": 3, "UpperModel": 5, "UpperCollar": 9, "UpperSleeveLength": 1, "UpperShouders": 3, "UpperSleeve": 0, "UpperCuff": 3, "UpperOpening": 1, "UpperMaterial": 5, "UpperPattern": 1, "TrousersType": 0, "TrousersWaist": 0, "TrousersLength": 0, "TrousersModel": 0, "TrousersMaterial": 0, "TrousersPattern": 0, "SkirtType": 0, "SkirtWaist": 0, "SkirtLength": 0, "SkirtFold": 0, "SkirtMaterial": 0, "SkirtPattern": 0}], "rate": 1}