{"image_id": "drinking_177", "figure": {"gender": 0, "age": 1, "height": 1, "shape": 1, "skinColor": 1, "hair": 3}, "scene": {"season": 1, "sceneClass": "34", "event": 1, "color": [[13.526939510127121, 11.523334945318148, 7.577632753185114], [44.93935767439864, 36.7989686235283, 15.337641614815702], [133.61674053593242, 107.46082218517785, 103.5309234335028], [164.2376404258098, 161.8079690326724, 168.5380569697389], [17.730564168919223, 56.49976576616774, 112.30952327838847]]}, "clothes": [{"clothType": 1, "UpperType": 7, "UpperLength": 3, "UpperModel": 3, "UpperCollar": 5, "UpperSleeveLength": 5, "UpperShouders": 1, "UpperSleeve": 0, "UpperCuff": 1, "UpperOpening": 1, "UpperMaterial": 5, "UpperPattern": 3, "TrousersType": 0, "TrousersWaist": 0, "TrousersLength": 0, "TrousersModel": 0, "TrousersMaterial": 0, "TrousersPattern": 0, "SkirtType": 0, "SkirtWaist": 0, "SkirtLength": 0, "SkirtFold": 0, "SkirtMaterial": 0, "SkirtPattern": 0}], "rate": 1}