{"image_id": "drinking_171", "figure": {"gender": 1, "age": 2, "height": 2, "shape": 2, "skinColor": 2, "hair": 1}, "scene": {"season": 3, "sceneClass": "38", "event": 3, "color": [[6.7636800879449055, 6.364229765015949, 7.312381475878951], [34.75479575902354, 37.14263170871797, 45.761255856005846], [63.03494970651972, 65.18782727294894, 75.74806985070387], [198.88136657101347, 162.22785150645475, 124.4273672883808], [238.95559889857418, 229.55920146856698, 223.54703992656948]]}, "clothes": [{"clothType": 1, "UpperType": 1, "UpperLength": 3, "UpperModel": 2, "UpperCollar": 6, "UpperSleeveLength": 5, "UpperShouders": 1, "UpperSleeve": 0, "UpperCuff": 3, "UpperOpening": 2, "UpperMaterial": 5, "UpperPattern": 1, "TrousersType": 0, "TrousersWaist": 0, "TrousersLength": 0, "TrousersModel": 0, "TrousersMaterial": 0, "TrousersPattern": 0, "SkirtType": 0, "SkirtWaist": 0, "SkirtLength": 0, "SkirtFold": 0, "SkirtMaterial": 0, "SkirtPattern": 0}], "rate": 1}