{"image_id": "drinking_176", "figure": {"gender": 1, "age": 2, "height": 2, "shape": 2, "skinColor": 3, "hair": 1}, "scene": {"season": 3, "sceneClass": "41", "event": 3, "color": [[207.46760339166306, 220.33551853365006, 229.00511845407425], [165.56752644674106, 183.40329711636204, 196.39547496733002], [96.98553479442835, 76.48679883669367, 52.83314641981387], [142.60040189464712, 125.6583895507396, 113.5327359593169], [32.08510309505992, 26.131595213901377, 15.49081637157775]]}, "clothes": [{"clothType": 1, "UpperType": 5, "UpperLength": 3, "UpperModel": 3, "UpperCollar": 6, "UpperSleeveLength": 5, "UpperShouders": 1, "UpperSleeve": 0, "UpperCuff": 3, "UpperOpening": 2, "UpperMaterial": 5, "UpperPattern": 1, "TrousersType": 0, "TrousersWaist": 0, "TrousersLength": 0, "TrousersModel": 0, "TrousersMaterial": 0, "TrousersPattern": 0, "SkirtType": 0, "SkirtWaist": 0, "SkirtLength": 0, "SkirtFold": 0, "SkirtMaterial": 0, "SkirtPattern": 0}], "rate": 1}