{"image_id": "drinking_174", "figure": {"gender": 1, "age": 2, "height": 2, "shape": 2, "skinColor": 1, "hair": 2}, "scene": {"season": 2, "sceneClass": "44", "event": 5, "color": [[28.164981145017805, 16.455669352074345, 4.8378471031877766], [72.52471802603786, 39.221229957377545, 15.073501696192737], [121.81975888091378, 66.56437511503762, 27.60394809497521], [228.49292820651428, 162.94837321861067, 95.29287442860561], [181.7172024326664, 108.46988126267063, 49.984795829713455]]}, "clothes": [{"clothType": 1, "UpperType": 5, "UpperLength": 3, "UpperModel": 3, "UpperCollar": 5, "UpperSleeveLength": 2, "UpperShouders": 1, "UpperSleeve": 0, "UpperCuff": 3, "UpperOpening": 1, "UpperMaterial": 5, "UpperPattern": 3, "TrousersType": 0, "TrousersWaist": 0, "TrousersLength": 0, "TrousersModel": 0, "TrousersMaterial": 0, "TrousersPattern": 0, "SkirtType": 0, "SkirtWaist": 0, "SkirtLength": 0, "SkirtFold": 0, "SkirtMaterial": 0, "SkirtPattern": 0}], "rate": 1}