{"image_id": "drinking_170", "figure": {"gender": 1, "age": 2, "height": 2, "shape": 2, "skinColor": 1, "hair": 2}, "scene": {"season": 2, "sceneClass": "16", "event": 1, "color": [[157.27424036447883, 139.81588712936826, 134.65855898886693], [108.00424486148356, 97.6699731903486, 94.13083109919566], [65.89876397881073, 61.20437361343713, 61.02096255716022], [12.687807959570264, 11.035123183833605, 17.90777005685112], [211.9033606129205, 189.3132509141571, 175.97492599686615]]}, "clothes": [{"clothType": 1, "UpperType": 5, "UpperLength": 3, "UpperModel": 3, "UpperCollar": 5, "UpperSleeveLength": 1, "UpperShouders": 3, "UpperSleeve": 0, "UpperCuff": 3, "UpperOpening": 1, "UpperMaterial": 6, "UpperPattern": 1, "TrousersType": 0, "TrousersWaist": 0, "TrousersLength": 0, "TrousersModel": 0, "TrousersMaterial": 0, "TrousersPattern": 0, "SkirtType": 0, "SkirtWaist": 0, "SkirtLength": 0, "SkirtFold": 0, "SkirtMaterial": 0, "SkirtPattern": 0}], "rate": 1}