{"image_id": "drinking_189", "figure": {"gender": 0, "age": 2, "height": 2, "shape": 2, "skinColor": 1, "hair": 3}, "scene": {"season": 2, "sceneClass": "46", "event": 1, "color": [[53.03092687471514, 70.6114378867553, 48.403020826400784], [13.508926885558552, 28.497129270245537, 14.581747613539598], [100.97687148253935, 104.49304602574891, 79.10276771258859], [163.78508938205982, 133.97894491266018, 116.249482371466], [235.3107824573922, 207.82332872762538, 195.00144994284994]]}, "clothes": [{"clothType": 1, "UpperType": 11, "UpperLength": 3, "UpperModel": 3, "UpperCollar": 9, "UpperSleeveLength": 6, "UpperShouders": 1, "UpperSleeve": 0, "UpperCuff": 3, "UpperOpening": 1, "UpperMaterial": 5, "UpperPattern": 1, "TrousersType": 0, "TrousersWaist": 0, "TrousersLength": 0, "TrousersModel": 0, "TrousersMaterial": 0, "TrousersPattern": 0, "SkirtType": 0, "SkirtWaist": 0, "SkirtLength": 0, "SkirtFold": 0, "SkirtMaterial": 0, "SkirtPattern": 0}], "rate": 1}