{"image_id": "drinking_180", "figure": {"gender": 1, "age": 2, "height": 2, "shape": 2, "skinColor": 1, "hair": 1}, "scene": {"season": 2, "sceneClass": "79", "event": 2, "color": [[192.57845150380462, 214.50365382292384, 231.3131718806647], [216.93017866487128, 233.43223443223292, 244.60903042535935], [12.279987521445094, 8.195133364527436, 9.688036187805238], [182.62186788154904, 118.95170842824632, 74.03735763097927], [114.43981745579019, 78.5402167712496, 32.22190530519114]]}, "clothes": [{"clothType": 1, "UpperType": 2, "UpperLength": 3, "UpperModel": 3, "UpperCollar": 5, "UpperSleeveLength": 1, "UpperShouders": 3, "UpperSleeve": 0, "UpperCuff": 3, "UpperOpening": 1, "UpperMaterial": 5, "UpperPattern": 1, "TrousersType": 0, "TrousersWaist": 0, "TrousersLength": 0, "TrousersModel": 0, "TrousersMaterial": 0, "TrousersPattern": 0, "SkirtType": 0, "SkirtWaist": 0, "SkirtLength": 0, "SkirtFold": 0, "SkirtMaterial": 0, "SkirtPattern": 0}], "rate": 1}