{"image_id": "drinking_179", "figure": {"gender": 0, "age": 2, "height": 2, "shape": 2, "skinColor": 1, "hair": 1}, "scene": {"season": 2, "sceneClass": "18", "event": 1, "color": [[68.49816130299438, 165.11718714780443, 197.81715430242613], [60.7200172944068, 90.66935254061575, 103.11761179950165], [111.64317957815783, 184.89463828110914, 216.49472698600124], [133.65382063633893, 136.04485533792885, 144.4735339083265], [31.64758655062579, 50.06977724955951, 48.718494805043335]]}, "clothes": [{"clothType": 1, "UpperType": 15, "UpperLength": 1, "UpperModel": 1, "UpperCollar": 9, "UpperSleeveLength": 1, "UpperShouders": 3, "UpperSleeve": 0, "UpperCuff": 3, "UpperOpening": 5, "UpperMaterial": 6, "UpperPattern": 2, "TrousersType": 0, "TrousersWaist": 0, "TrousersLength": 0, "TrousersModel": 0, "TrousersMaterial": 0, "TrousersPattern": 0, "SkirtType": 0, "SkirtWaist": 0, "SkirtLength": 0, "SkirtFold": 0, "SkirtMaterial": 0, "SkirtPattern": 0}], "rate": 1}