{"image_id": "drinking_186", "figure": {"gender": 0, "age": 1, "height": 1, "shape": 2, "skinColor": 1, "hair": 2}, "scene": {"season": 2, "sceneClass": "38", "event": 1, "color": [[19.84394979871827, 7.440497803031178, 8.303391480515828], [164.39519480519564, 91.13917748917773, 46.61398268398098], [84.8860759493682, 58.31789720257619, 58.516059281949325], [198.09396138843618, 145.35831728632456, 125.93675011109131], [216.85603065506854, 215.38172860531114, 216.183078888142]]}, "clothes": [{"clothType": 1, "UpperType": 5, "UpperLength": 3, "UpperModel": 3, "UpperCollar": 5, "UpperSleeveLength": 2, "UpperShouders": 1, "UpperSleeve": 0, "UpperCuff": 3, "UpperOpening": 1, "UpperMaterial": 5, "UpperPattern": 3, "TrousersType": 0, "TrousersWaist": 0, "TrousersLength": 0, "TrousersModel": 0, "TrousersMaterial": 0, "TrousersPattern": 0, "SkirtType": 0, "SkirtWaist": 0, "SkirtLength": 0, "SkirtFold": 0, "SkirtMaterial": 0, "SkirtPattern": 0}], "rate": 1}