{"image_id": "drinking_166", "figure": {"gender": 1, "age": 1, "height": 1, "shape": 2, "skinColor": 1, "hair": 2}, "scene": {"season": 2, "sceneClass": "71", "event": 1, "color": [[35.72665639025877, 19.131369901010018, 12.687596909802075], [73.88162033811119, 54.2527516388065, 40.106270421660625], [131.22964662472057, 98.62666162070119, 83.7482615071705], [178.54477888343376, 136.42477592039322, 121.86486086076727], [215.5368542451095, 208.29076354262077, 203.40500661440592]]}, "clothes": [{"clothType": 1, "UpperType": 5, "UpperLength": 3, "UpperModel": 3, "UpperCollar": 5, "UpperSleeveLength": 2, "UpperShouders": 4, "UpperSleeve": 0, "UpperCuff": 3, "UpperOpening": 1, "UpperMaterial": 5, "UpperPattern": 1, "TrousersType": 0, "TrousersWaist": 0, "TrousersLength": 0, "TrousersModel": 0, "TrousersMaterial": 0, "TrousersPattern": 0, "SkirtType": 0, "SkirtWaist": 0, "SkirtLength": 0, "SkirtFold": 0, "SkirtMaterial": 0, "SkirtPattern": 0}], "rate": 1}