{"image_id": "drinking_178", "figure": {"gender": 0, "age": 3, "height": 2, "shape": 2, "skinColor": 1, "hair": 3}, "scene": {"season": 2, "sceneClass": "5", "event": 1, "color": [[12.9211993745825, 16.843616388306707, 18.677339458436492], [174.86222541665046, 192.1163469745295, 204.94515071200834], [143.81860805861044, 160.211379731379, 168.83360195360342], [126.45003996802411, 117.22392086330993, 113.71572741806571], [50.81683537559887, 68.74757591901982, 74.29323388385711]]}, "clothes": [{"clothType": 1, "UpperType": 5, "UpperLength": 3, "UpperModel": 3, "UpperCollar": 4, "UpperSleeveLength": 3, "UpperShouders": 1, "UpperSleeve": 0, "UpperCuff": 3, "UpperOpening": 2, "UpperMaterial": 5, "UpperPattern": 2, "TrousersType": 0, "TrousersWaist": 0, "TrousersLength": 0, "TrousersModel": 0, "TrousersMaterial": 0, "TrousersPattern": 0, "SkirtType": 0, "SkirtWaist": 0, "SkirtLength": 0, "SkirtFold": 0, "SkirtMaterial": 0, "SkirtPattern": 0}], "rate": 1}