{"image_id": "drinking_164", "figure": {"gender": 0, "age": 2, "height": 2, "shape": 2, "skinColor": 2, "hair": 1}, "scene": {"season": 3, "sceneClass": "38", "event": 1, "color": [[30.84918621554037, 30.22278596470808, 24.87344297808128], [85.43582271936907, 64.03416835080087, 44.84349297363382], [195.6500098173963, 163.67887296288853, 110.88867072452342], [216.80483823092467, 205.69822895022844, 192.31547442366397], [154.74308625475527, 114.8888146396628, 69.52539323532413]]}, "clothes": [{"clothType": 1, "UpperType": 14, "UpperLength": 3, "UpperModel": 3, "UpperCollar": 10, "UpperSleeveLength": 5, "UpperShouders": 1, "UpperSleeve": 0, "UpperCuff": 1, "UpperOpening": 5, "UpperMaterial": 5, "UpperPattern": 1, "TrousersType": 0, "TrousersWaist": 0, "TrousersLength": 0, "TrousersModel": 0, "TrousersMaterial": 0, "TrousersPattern": 0, "SkirtType": 0, "SkirtWaist": 0, "SkirtLength": 0, "SkirtFold": 0, "SkirtMaterial": 0, "SkirtPattern": 0}], "rate": 1}