{"image_id": "drinking_172", "figure": {"gender": 1, "age": 2, "height": 2, "shape": 2, "skinColor": 1, "hair": 1}, "scene": {"season": 2, "sceneClass": "67", "event": 1, "color": [[148.74904098526176, 137.87237172276505, 128.58533067981907], [228.94400577025365, 228.13074178118995, 225.01841166197988], [192.3220123284955, 187.86482402067898, 181.02163451978126], [29.32581609065879, 28.297231775385754, 28.121046400175743], [100.16473144986107, 89.41875194039085, 80.70195591431003]]}, "clothes": [{"clothType": 1, "UpperType": 5, "UpperLength": 3, "UpperModel": 3, "UpperCollar": 5, "UpperSleeveLength": 2, "UpperShouders": 4, "UpperSleeve": 0, "UpperCuff": 3, "UpperOpening": 1, "UpperMaterial": 5, "UpperPattern": 2, "TrousersType": 0, "TrousersWaist": 0, "TrousersLength": 0, "TrousersModel": 0, "TrousersMaterial": 0, "TrousersPattern": 0, "SkirtType": 0, "SkirtWaist": 0, "SkirtLength": 0, "SkirtFold": 0, "SkirtMaterial": 0, "SkirtPattern": 0}], "rate": 1}