{"image_id": "drinking_192", "figure": {"gender": 1, "age": 1, "height": 1, "shape": 2, "skinColor": 2, "hair": 1}, "scene": {"season": 2, "sceneClass": "75", "event": 1, "color": [[33.67128712871097, 61.11161555179504, 19.676454962566126], [80.11439696638155, 112.99065991397994, 49.703051434099116], [148.79122481442442, 160.720904029693, 109.69141039236604], [199.63182533143492, 195.92693431203332, 184.95423563777598], [19.122604767099716, 98.03396167627439, 168.00420626265924]]}, "clothes": [{"clothType": 1, "UpperType": 5, "UpperLength": 3, "UpperModel": 3, "UpperCollar": 2, "UpperSleeveLength": 2, "UpperShouders": 1, "UpperSleeve": 0, "UpperCuff": 3, "UpperOpening": 1, "UpperMaterial": 5, "UpperPattern": 1, "TrousersType": 0, "TrousersWaist": 0, "TrousersLength": 0, "TrousersModel": 0, "TrousersMaterial": 0, "TrousersPattern": 0, "SkirtType": 0, "SkirtWaist": 0, "SkirtLength": 0, "SkirtFold": 0, "SkirtMaterial": 0, "SkirtPattern": 0}], "rate": 1}