{"image_id": "drinking_181", "figure": {"gender": 0, "age": 2, "height": 2, "shape": 1, "skinColor": 3, "hair": 1}, "scene": {"season": 2, "sceneClass": "34", "event": 1, "color": [[15.26733647640907, 91.86508445095397, 90.8920904472002], [226.47326350606704, 147.34189636163035, 64.31218302094729], [211.6676521488273, 214.9754110181787, 210.1671473896655], [16.309336499926047, 31.399955469791863, 20.77809113848774], [156.21989779623223, 53.00894282976439, 18.286969019483266]]}, "clothes": [{"clothType": 1, "UpperType": 5, "UpperLength": 3, "UpperModel": 2, "UpperCollar": 4, "UpperSleeveLength": 2, "UpperShouders": 2, "UpperSleeve": 0, "UpperCuff": 3, "UpperOpening": 1, "UpperMaterial": 5, "UpperPattern": 1, "TrousersType": 0, "TrousersWaist": 0, "TrousersLength": 0, "TrousersModel": 0, "TrousersMaterial": 0, "TrousersPattern": 0, "SkirtType": 0, "SkirtWaist": 0, "SkirtLength": 0, "SkirtFold": 0, "SkirtMaterial": 0, "SkirtPattern": 0}], "rate": 1}