{"image_id": "feeding_a_horse_202", "figure": {"gender": 0, "age": 2, "height": 2, "shape": 2, "skinColor": 1, "hair": 2}, "scene": {"season": 3, "sceneClass": "23", "event": 1, "color": [[148.88127378768382, 108.21289121327428, 77.93288792749367], [105.51146560319044, 72.1941448382114, 56.746397172120496], [43.694805194797866, 34.252017400074635, 31.31780355567051], [201.00971208834318, 162.92062709524765, 121.1631828041817], [232.68504395035734, 213.84720785936247, 189.7021070320612]]}, "clothes": [{"clothType": 1, "UpperType": 8, "UpperLength": 4, "UpperModel": 4, "UpperCollar": 6, "UpperSleeveLength": 5, "UpperShouders": 1, "UpperSleeve": 0, "UpperCuff": 3, "UpperOpening": 4, "UpperMaterial": 3, "UpperPattern": 1, "TrousersType": 0, "TrousersWaist": 0, "TrousersLength": 0, "TrousersModel": 0, "TrousersMaterial": 0, "TrousersPattern": 0, "SkirtType": 0, "SkirtWaist": 0, "SkirtLength": 0, "SkirtFold": 0, "SkirtMaterial": 0, "SkirtPattern": 0}], "rate": 1}