{"image_id": "feeding_a_horse_219", "figure": {"gender": 1, "age": 2, "height": 2, "shape": 2, "skinColor": 1, "hair": 1}, "scene": {"season": 2, "sceneClass": "65", "event": 1, "color": [[30.618127986002136, 20.818316398627303, 15.176367673778529], [92.36708347414685, 61.591416018925436, 40.9340993578922], [142.27422015596903, 107.2273545290942, 74.91076784643076], [242.98029035669492, 245.11796942601597, 246.07720411499088], [187.52217345239876, 171.49159981837465, 161.252308158015]]}, "clothes": [{"clothType": 2, "UpperType": 5, "UpperLength": 3, "UpperModel": 3, "UpperCollar": 5, "UpperSleeveLength": 2, "UpperShouders": 1, "UpperSleeve": 0, "UpperCuff": 3, "UpperOpening": 1, "UpperMaterial": 5, "UpperPattern": 1, "TrousersType": 2, "TrousersWaist": 2, "TrousersLength": 4, "TrousersModel": 2, "TrousersMaterial": 5, "TrousersPattern": 1, "SkirtType": 0, "SkirtWaist": 0, "SkirtLength": 0, "SkirtFold": 0, "SkirtMaterial": 0, "SkirtPattern": 0}], "rate": 1}