{"image_id": "feeding_a_horse_198", "figure": {"gender": 1, "age": 2, "height": 2, "shape": 2, "skinColor": 1, "hair": 1}, "scene": {"season": 2, "sceneClass": "20", "event": 1, "color": [[194.64327119226402, 207.0149057785106, 226.58104259659626], [112.20680255985073, 78.32285494193155, 40.80804100498098], [57.06163280154034, 32.803928701346706, 15.201839629996414], [232.44322175491595, 185.42415163911033, 160.16477501872265], [155.84025393534992, 119.95433050463147, 79.83487724298676]]}, "clothes": [{"clothType": 1, "UpperType": 5, "UpperLength": 3, "UpperModel": 3, "UpperCollar": 6, "UpperSleeveLength": 3, "UpperShouders": 1, "UpperSleeve": 0, "UpperCuff": 3, "UpperOpening": 2, "UpperMaterial": 5, "UpperPattern": 2, "TrousersType": 0, "TrousersWaist": 0, "TrousersLength": 0, "TrousersModel": 0, "TrousersMaterial": 0, "TrousersPattern": 0, "SkirtType": 0, "SkirtWaist": 0, "SkirtLength": 0, "SkirtFold": 0, "SkirtMaterial": 0, "SkirtPattern": 0}], "rate": 1}