{"image_id": "feeding_a_horse_209", "figure": {"gender": 0, "age": 1, "height": 1, "shape": 2, "skinColor": 1, "hair": 2}, "scene": {"season": 1, "sceneClass": "20", "event": 1, "color": [[103.07200503825646, 151.57403433476392, 26.752869005414695], [246.28003875968722, 248.04226811014087, 245.50304063085142], [154.21215728123374, 180.31883106222435, 70.32983089804664], [52.35181509964403, 61.33523526007076, 18.544075084762326], [133.93368421052594, 89.07866666666648, 54.37663157894859]]}, "clothes": [{"clothType": 4, "UpperType": 0, "UpperLength": 0, "UpperModel": 0, "UpperCollar": 0, "UpperSleeveLength": 0, "UpperShouders": 0, "UpperSleeve": 0, "UpperCuff": 0, "UpperOpening": 0, "UpperMaterial": 0, "UpperPattern": 0, "TrousersType": 0, "TrousersWaist": 0, "TrousersLength": 0, "TrousersModel": 0, "TrousersMaterial": 0, "TrousersPattern": 0, "SkirtType": 2, "SkirtWaist": 2, "SkirtLength": 2, "SkirtFold": 1, "SkirtMaterial": 6, "SkirtPattern": 2}], "rate": 1}