{"image_id": "feeding_a_horse_200", "figure": {"gender": 0, "age": 2, "height": 2, "shape": 2, "skinColor": 1, "hair": 2}, "scene": {"season": 2, "sceneClass": "20", "event": 1, "color": [[187.66929286094233, 156.44593745468595, 108.88109623471408], [69.07211359750336, 36.36406215151297, 12.26183926845664], [136.90410451218415, 98.51134994904103, 62.69081812285781], [170.39074074074213, 194.25796296296247, 219.550185185186], [238.35213790015752, 211.3839265726437, 188.49876874860118]]}, "clothes": [{"clothType": 1, "UpperType": 16, "UpperLength": 3, "UpperModel": 2, "UpperCollar": 9, "UpperSleeveLength": 6, "UpperShouders": 3, "UpperSleeve": 0, "UpperCuff": 3, "UpperOpening": 1, "UpperMaterial": 5, "UpperPattern": 1, "TrousersType": 0, "TrousersWaist": 0, "TrousersLength": 0, "TrousersModel": 0, "TrousersMaterial": 0, "TrousersPattern": 0, "SkirtType": 0, "SkirtWaist": 0, "SkirtLength": 0, "SkirtFold": 0, "SkirtMaterial": 0, "SkirtPattern": 0}], "rate": 1}