{"image_id": "feeding_a_horse_207", "figure": {"gender": 0, "age": 2, "height": 2, "shape": 2, "skinColor": 1, "hair": 2}, "scene": {"season": 2, "sceneClass": "20", "event": 1, "color": [[187.50428234614503, 171.53245440985626, 130.95279795987162], [143.01580105161491, 132.46120828415067, 90.06215795686221], [91.89766739592562, 85.69056789819302, 54.387113672078485], [37.05465241758114, 44.40136456991911, 20.257458140425896], [222.03444891549563, 211.18686819118858, 182.86166454018948]]}, "clothes": [{"clothType": 4, "UpperType": 0, "UpperLength": 0, "UpperModel": 0, "UpperCollar": 0, "UpperSleeveLength": 0, "UpperShouders": 0, "UpperSleeve": 0, "UpperCuff": 0, "UpperOpening": 0, "UpperMaterial": 0, "UpperPattern": 0, "TrousersType": 0, "TrousersWaist": 0, "TrousersLength": 0, "TrousersModel": 0, "TrousersMaterial": 0, "TrousersPattern": 0, "SkirtType": 1, "SkirtWaist": 2, "SkirtLength": 4, "SkirtFold": 1, "SkirtMaterial": 6, "SkirtPattern": 1}], "rate": 1}