{"image_id": "feeding_a_horse_220", "figure": {"gender": 0, "age": 2, "height": 2, "shape": 2, "skinColor": 1, "hair": 1}, "scene": {"season": 2, "sceneClass": "23", "event": 1, "color": [[134.47237454839131, 154.97144929403865, 175.26157245789904], [70.67907210873497, 82.49838499938082, 45.02462351609293], [111.3259471482799, 113.96997171248275, 95.56507337830496], [22.35220134140046, 21.820705226122442, 17.11821502092066], [214.23542824054215, 216.1489115289381, 214.50442445848392]]}, "clothes": [{"clothType": 5, "UpperType": 2, "UpperLength": 3, "UpperModel": 3, "UpperCollar": 6, "UpperSleeveLength": 4, "UpperShouders": 1, "UpperSleeve": 0, "UpperCuff": 1, "UpperOpening": 1, "UpperMaterial": 5, "UpperPattern": 1, "TrousersType": 4, "TrousersWaist": 2, "TrousersLength": 4, "TrousersModel": 2, "TrousersMaterial": 5, "TrousersPattern": 1, "SkirtType": 0, "SkirtWaist": 0, "SkirtLength": 0, "SkirtFold": 0, "SkirtMaterial": 0, "SkirtPattern": 0}], "rate": 1}