{"image_id": "feeding_a_horse_197", "figure": {"gender": 0, "age": 2, "height": 2, "shape": 2, "skinColor": 1, "hair": 2}, "scene": {"season": 2, "sceneClass": "20", "event": 1, "color": [[126.58000649139882, 86.39859507580888, 54.618607131264994], [84.92907407085636, 62.81721196114876, 45.61645787361119], [161.66635875041982, 152.38559511812556, 150.4824487739334], [120.49149935233154, 112.0994575777203, 107.98125809585521], [228.46754357822687, 204.99379745481855, 198.02983638113386]]}, "clothes": [{"clothType": 1, "UpperType": 5, "UpperLength": 3, "UpperModel": 2, "UpperCollar": 10, "UpperSleeveLength": 2, "UpperShouders": 2, "UpperSleeve": 0, "UpperCuff": 1, "UpperOpening": 1, "UpperMaterial": 5, "UpperPattern": 1, "TrousersType": 0, "TrousersWaist": 0, "TrousersLength": 0, "TrousersModel": 0, "TrousersMaterial": 0, "TrousersPattern": 0, "SkirtType": 0, "SkirtWaist": 0, "SkirtLength": 0, "SkirtFold": 0, "SkirtMaterial": 0, "SkirtPattern": 0}], "rate": 1}