{"image_id": "feeding_a_horse_214", "figure": {"gender": 1, "age": 2, "height": 2, "shape": 2, "skinColor": 2, "hair": 1}, "scene": {"season": 2, "sceneClass": "20", "event": 1, "color": [[26.23107127173472, 16.594895507736226, 11.757794942005333], [76.41983738692737, 48.67252120657388, 31.856992010138242], [151.01909623747704, 130.89525430137903, 118.26768765362216], [95.92104732319375, 88.9127365151085, 85.16879816032576], [179.89307211141409, 166.21692434793016, 162.2767024666572]]}, "clothes": [{"clothType": 1, "UpperType": 5, "UpperLength": 3, "UpperModel": 4, "UpperCollar": 6, "UpperSleeveLength": 2, "UpperShouders": 1, "UpperSleeve": 0, "UpperCuff": 3, "UpperOpening": 2, "UpperMaterial": 5, "UpperPattern": 1, "TrousersType": 0, "TrousersWaist": 0, "TrousersLength": 0, "TrousersModel": 0, "TrousersMaterial": 0, "TrousersPattern": 0, "SkirtType": 0, "SkirtWaist": 0, "SkirtLength": 0, "SkirtFold": 0, "SkirtMaterial": 0, "SkirtPattern": 0}], "rate": 1}