{"image_id": "female_adult_005", "figure": {"gender": 0, "age": 2, "height": 2, "shape": 2, "skinColor": 2, "hair": 2}, "scene": {"season": 2, "sceneClass": "57", "event": 4, "color": [[251.81042252304476, 251.66166154909286, 251.64207210719044], [94.85833706422817, 106.35866115159148, 123.06202430991623], [139.5262366976456, 138.5435719323902, 148.89473119268604], [203.1240314337534, 193.42790936235014, 189.55184004689798], [42.25373581468915, 72.55526129729867, 86.43593092788466]]}, "clothes": [{"clothType": 4, "UpperType": 5, "UpperLength": 3, "UpperModel": 2, "UpperCollar": 6, "UpperSleeveLength": 4, "UpperShouders": 1, "UpperSleeve": 0, "UpperCuff": 1, "UpperOpening": 2, "UpperMaterial": 3, "UpperPattern": 1, "TrousersType": 0, "TrousersWaist": 0, "TrousersLength": 0, "TrousersModel": 0, "TrousersMaterial": 0, "TrousersPattern": 0, "SkirtType": 4, "SkirtWaist": 2, "SkirtLength": 1, "SkirtFold": 1, "SkirtMaterial": 4, "SkirtPattern": 3}], "rate": 1}