{"image_id": "female_child_144", "figure": {"gender": 0, "age": 1, "height": 3, "shape": 1, "skinColor": 1, "hair": 2}, "scene": {"season": 2, "sceneClass": "63", "event": 4, "color": [[63.41797941610912, 53.74563933812017, 40.66845200588156], [95.2874029895992, 87.50188319362971, 70.1851645807752], [234.72729433464713, 232.74430754018096, 218.8181169960955], [195.72513352788746, 192.19227496046665, 172.96742075780685], [142.91759867234495, 137.87832652231495, 112.4764872186761]]}, "clothes": [{"clothType": 4, "UpperType": 11, "UpperLength": 2, "UpperModel": 3, "UpperCollar": 10, "UpperSleeveLength": 6, "UpperShouders": 3, "UpperSleeve": 0, "UpperCuff": 3, "UpperOpening": 1, "UpperMaterial": 5, "UpperPattern": 1, "TrousersType": 0, "TrousersWaist": 0, "TrousersLength": 0, "TrousersModel": 0, "TrousersMaterial": 0, "TrousersPattern": 0, "SkirtType": 4, "SkirtWaist": 1, "SkirtLength": 4, "SkirtFold": 1, "SkirtMaterial": 6, "SkirtPattern": 1}], "rate": 1}