{"image_id": "female_child_138", "figure": {"gender": 0, "age": 1, "height": 2, "shape": 2, "skinColor": 1, "hair": 2}, "scene": {"season": 2, "sceneClass": "46", "event": 6, "color": [[7.674869712705004, 21.046923897096228, 8.459682466726903], [43.51776334000951, 71.153043264286, 43.851468060170035], [225.17254520757814, 207.40255945741973, 208.2032929401508], [183.52313199513557, 156.64657438032722, 147.18202569213153], [101.12627696630439, 120.1976875567027, 90.32730732079011]]}, "clothes": [{"clothType": 4, "UpperType": 16, "UpperLength": 3, "UpperModel": 3, "UpperCollar": 5, "UpperSleeveLength": 1, "UpperShouders": 3, "UpperSleeve": 0, "UpperCuff": 3, "UpperOpening": 1, "UpperMaterial": 6, "UpperPattern": 1, "TrousersType": 0, "TrousersWaist": 0, "TrousersLength": 0, "TrousersModel": 0, "TrousersMaterial": 0, "TrousersPattern": 0, "SkirtType": 6, "SkirtWaist": 1, "SkirtLength": 1, "SkirtFold": 1, "SkirtMaterial": 7, "SkirtPattern": 1}], "rate": 1}