{"image_id": "female_child_177", "figure": {"gender": 0, "age": 1, "height": 3, "shape": 1, "skinColor": 1, "hair": 1}, "scene": {"season": 1, "sceneClass": "40", "event": 1, "color": [[208.72690620182007, 209.2769908260827, 205.6552343067739], [240.01948864417352, 239.83174257955622, 238.8142781340942], [48.178665354150695, 49.1345665045626, 55.58123356305853], [171.63209729426575, 170.0600378522368, 162.30122318799903], [124.14081951245058, 115.75676144475015, 106.25017679159697]]}, "clothes": [{"clothType": 4, "UpperType": 16, "UpperLength": 3, "UpperModel": 4, "UpperCollar": 5, "UpperSleeveLength": 3, "UpperShouders": 1, "UpperSleeve": 0, "UpperCuff": 2, "UpperOpening": 1, "UpperMaterial": 3, "UpperPattern": 1, "TrousersType": 0, "TrousersWaist": 0, "TrousersLength": 0, "TrousersModel": 0, "TrousersMaterial": 0, "TrousersPattern": 0, "SkirtType": 4, "SkirtWaist": 1, "SkirtLength": 2, "SkirtFold": 1, "SkirtMaterial": 4, "SkirtPattern": 1}], "rate": 1}