{"image_id": "female_adult_068", "figure": {"gender": 0, "age": 2, "height": 3, "shape": 1, "skinColor": 1, "hair": 1}, "scene": {"season": 2, "sceneClass": "4", "event": 3, "color": [[163.56451770950744, 158.46299060066903, 168.463020750926], [133.06425359152328, 127.60022991370246, 138.19248337358613], [163.78160487129364, 48.83868611219769, 56.701326311037406], [184.15893241898772, 83.21378842991666, 96.0305354122925], [12.425967011681848, 10.541365913396646, 13.859403078001279]]}, "clothes": [{"clothType": 4, "UpperType": 16, "UpperLength": 3, "UpperModel": 2, "UpperCollar": 9, "UpperSleeveLength": 6, "UpperShouders": 3, "UpperSleeve": 0, "UpperCuff": 3, "UpperOpening": 1, "UpperMaterial": 5, "UpperPattern": 1, "TrousersType": 0, "TrousersWaist": 0, "TrousersLength": 0, "TrousersModel": 0, "TrousersMaterial": 0, "TrousersPattern": 0, "SkirtType": 5, "SkirtWaist": 1, "SkirtLength": 5, "SkirtFold": 2, "SkirtMaterial": 6, "SkirtPattern": 1}], "rate": 1}