{"image_id": "female_child_151", "figure": {"gender": 0, "age": 1, "height": 3, "shape": 1, "skinColor": 1, "hair": 2}, "scene": {"season": 2, "sceneClass": "21", "event": 6, "color": [[24.589373500299438, 17.53779890883721, 13.43679849013499], [59.40211871725515, 53.37886272478104, 41.67377511658955], [161.29509782306027, 130.48296616288266, 106.77744758048325], [103.4811725466017, 92.96607451065054, 74.90183640510705], [193.19982383290684, 184.38512286758424, 168.77116252314272]]}, "clothes": [{"clothType": 4, "UpperType": 16, "UpperLength": 3, "UpperModel": 3, "UpperCollar": 5, "UpperSleeveLength": 2, "UpperShouders": 1, "UpperSleeve": 0, "UpperCuff": 1, "UpperOpening": 1, "UpperMaterial": 6, "UpperPattern": 1, "TrousersType": 0, "TrousersWaist": 0, "TrousersLength": 0, "TrousersModel": 0, "TrousersMaterial": 0, "TrousersPattern": 0, "SkirtType": 4, "SkirtWaist": 2, "SkirtLength": 3, "SkirtFold": 1, "SkirtMaterial": 2, "SkirtPattern": 1}], "rate": 1}