{"image_id": "female_child_136", "figure": {"gender": 0, "age": 1, "height": 3, "shape": 1, "skinColor": 1, "hair": 2}, "scene": {"season": 2, "sceneClass": "67", "event": 6, "color": [[17.773778450806454, 26.999385655578372, 18.548227699283828], [46.852545785043034, 65.3128281887195, 44.800590347200924], [82.30981191057155, 100.19761507524355, 66.7587818970487], [121.87833839598673, 132.45565054692418, 95.39739521988123], [186.01762125878543, 169.0578248517599, 153.8048529272998]]}, "clothes": [{"clothType": 4, "UpperType": 15, "UpperLength": 3, "UpperModel": 4, "UpperCollar": 9, "UpperSleeveLength": 6, "UpperShouders": 3, "UpperSleeve": 0, "UpperCuff": 3, "UpperOpening": 1, "UpperMaterial": 6, "UpperPattern": 1, "TrousersType": 0, "TrousersWaist": 0, "TrousersLength": 0, "TrousersModel": 0, "TrousersMaterial": 0, "TrousersPattern": 0, "SkirtType": 1, "SkirtWaist": 1, "SkirtLength": 1, "SkirtFold": 1, "SkirtMaterial": 7, "SkirtPattern": 1}], "rate": 1}