{"image_id": "female_child_101", "figure": {"gender": 0, "age": 1, "height": 2, "shape": 1, "skinColor": 1, "hair": 2}, "scene": {"season": 2, "sceneClass": "63", "event": 6, "color": [[178.10729410458202, 191.45017459793067, 190.1325519768801], [22.556541689354972, 26.777294773579513, 15.458854072329373], [62.26789412949677, 72.64217929256753, 45.940345014613136], [144.50980005098486, 157.41621634959083, 140.59136707215413], [104.55515279730777, 118.06154031380635, 85.07682649432681]]}, "clothes": [{"clothType": 4, "UpperType": 11, "UpperLength": 3, "UpperModel": 1, "UpperCollar": 5, "UpperSleeveLength": 1, "UpperShouders": 3, "UpperSleeve": 0, "UpperCuff": 3, "UpperOpening": 1, "UpperMaterial": 5, "UpperPattern": 3, "TrousersType": 0, "TrousersWaist": 0, "TrousersLength": 0, "TrousersModel": 0, "TrousersMaterial": 0, "TrousersPattern": 0, "SkirtType": 6, "SkirtWaist": 2, "SkirtLength": 1, "SkirtFold": 1, "SkirtMaterial": 2, "SkirtPattern": 1}], "rate": 1}