{"image_id": "female_child_141", "figure": {"gender": 0, "age": 1, "height": 3, "shape": 1, "skinColor": 1, "hair": 2}, "scene": {"season": 2, "sceneClass": "57", "event": 6, "color": [[27.951346089962044, 16.2159393281745, 13.493215746106216], [182.59932840140036, 170.41000751018532, 145.45791718101563], [122.53553549588196, 118.53038083118017, 104.43744336553132], [75.80652902571528, 53.549170492631816, 41.262231360738625], [229.23489662335408, 218.23462332089704, 202.14914797962547]]}, "clothes": [{"clothType": 5, "UpperType": 16, "UpperLength": 2, "UpperModel": 3, "UpperCollar": 4, "UpperSleeveLength": 6, "UpperShouders": 3, "UpperSleeve": 0, "UpperCuff": 3, "UpperOpening": 5, "UpperMaterial": 5, "UpperPattern": 4, "TrousersType": 3, "TrousersWaist": 1, "TrousersLength": 3, "TrousersModel": 3, "TrousersMaterial": 5, "TrousersPattern": 4, "SkirtType": 0, "SkirtWaist": 0, "SkirtLength": 0, "SkirtFold": 0, "SkirtMaterial": 0, "SkirtPattern": 0}], "rate": 1}