{"image_id": "female_child_178", "figure": {"gender": 0, "age": 1, "height": 2, "shape": 1, "skinColor": 1, "hair": 2}, "scene": {"season": 2, "sceneClass": "53", "event": 4, "color": [[216.8586875320682, 224.75088620879035, 222.08438270542473], [49.44191086183423, 49.42339457268345, 55.85699838665124], [192.45907127430056, 174.35449016710083, 137.09969307718725], [92.05257980860918, 120.7338680277175, 122.63950776936062], [174.46431396353915, 75.1338318341473, 33.223580376321536]]}, "clothes": [{"clothType": 4, "UpperType": 16, "UpperLength": 2, "UpperModel": 1, "UpperCollar": 5, "UpperSleeveLength": 1, "UpperShouders": 3, "UpperSleeve": 0, "UpperCuff": 3, "UpperOpening": 1, "UpperMaterial": 5, "UpperPattern": 4, "TrousersType": 0, "TrousersWaist": 0, "TrousersLength": 0, "TrousersModel": 0, "TrousersMaterial": 0, "TrousersPattern": 0, "SkirtType": 6, "SkirtWaist": 1, "SkirtLength": 1, "SkirtFold": 1, "SkirtMaterial": 6, "SkirtPattern": 4}], "rate": 1}