{"image_id": "female_elder_255", "figure": {"gender": 0, "age": 2, "height": 2, "shape": 1, "skinColor": 3, "hair": 3}, "scene": {"season": 2, "sceneClass": "25", "event": 4, "color": [[32.93133236263334, 40.46408163765156, 30.93413845283733], [80.05671749202567, 79.93533936040596, 62.80039131022766], [141.31905990927572, 120.01768116913752, 91.57693124175871], [184.9159440091596, 171.95335024954753, 148.80704347100232], [225.4311608791341, 220.00289441097905, 215.26609588783077]]}, "clothes": [{"clothType": 4, "UpperType": 16, "UpperLength": 4, "UpperModel": 3, "UpperCollar": 4, "UpperSleeveLength": 5, "UpperShouders": 1, "UpperSleeve": 0, "UpperCuff": 1, "UpperOpening": 1, "UpperMaterial": 1, "UpperPattern": 2, "TrousersType": 0, "TrousersWaist": 0, "TrousersLength": 0, "TrousersModel": 0, "TrousersMaterial": 0, "TrousersPattern": 0, "SkirtType": 7, "SkirtWaist": 2, "SkirtLength": 1, "SkirtFold": 2, "SkirtMaterial": 1, "SkirtPattern": 2}], "rate": 1}