{"image_id": "female_child_164", "figure": {"gender": 0, "age": 1, "height": 3, "shape": 1, "skinColor": 1, "hair": 2}, "scene": {"season": 2, "sceneClass": "63", "event": 6, "color": [[113.66015936174512, 79.0940238325866, 58.49706649082525], [68.20781764873058, 50.60293485571209, 48.22391912891801], [168.0716845419927, 105.6976168022686, 64.76653293480378], [213.89908898029495, 158.58857303746277, 83.86650946716756], [244.65403040369165, 205.32901124173333, 176.58468531763359]]}, "clothes": [{"clothType": 4, "UpperType": 5, "UpperLength": 3, "UpperModel": 3, "UpperCollar": 2, "UpperSleeveLength": 5, "UpperShouders": 1, "UpperSleeve": 0, "UpperCuff": 1, "UpperOpening": 2, "UpperMaterial": 5, "UpperPattern": 4, "TrousersType": 0, "TrousersWaist": 0, "TrousersLength": 0, "TrousersModel": 0, "TrousersMaterial": 0, "TrousersPattern": 0, "SkirtType": 4, "SkirtWaist": 2, "SkirtLength": 1, "SkirtFold": 1, "SkirtMaterial": 6, "SkirtPattern": 4}], "rate": 1}