{"image_id": "female_elder_227", "figure": {"gender": 0, "age": 2, "height": 2, "shape": 1, "skinColor": 1, "hair": 2}, "scene": {"season": 2, "sceneClass": "6", "event": 1, "color": [[239.5907911802436, 226.8655303598315, 215.2642313425366], [23.827013925813446, 14.595984607722002, 13.550424543594616], [155.94982375560411, 107.97109057894184, 72.57349925232333], [203.75952305508432, 167.50487001804424, 137.55925992257434], [98.12408407988778, 61.47533726078929, 39.611245511928416]]}, "clothes": [{"clothType": 2, "UpperType": 5, "UpperLength": 3, "UpperModel": 2, "UpperCollar": 6, "UpperSleeveLength": 5, "UpperShouders": 1, "UpperSleeve": 0, "UpperCuff": 1, "UpperOpening": 2, "UpperMaterial": 1, "UpperPattern": 1, "TrousersType": 7, "TrousersWaist": 2, "TrousersLength": 3, "TrousersModel": 2, "TrousersMaterial": 1, "TrousersPattern": 2, "SkirtType": 0, "SkirtWaist": 0, "SkirtLength": 0, "SkirtFold": 0, "SkirtMaterial": 0, "SkirtPattern": 0}], "rate": 1}