{"image_id": "female_child_140", "figure": {"gender": 0, "age": 1, "height": 2, "shape": 2, "skinColor": 1, "hair": 1}, "scene": {"season": 2, "sceneClass": "32", "event": 4, "color": [[225.50981297681028, 225.4887912507484, 226.39718110726716], [250.8721661263504, 250.87951601460236, 251.72419956593467], [205.32768832192554, 201.1143531299645, 196.55523860682806], [154.5071067954234, 162.5934174186695, 166.26016324518483], [66.88593640475838, 74.26288791179954, 90.44443382398678]]}, "clothes": [{"clothType": 4, "UpperType": 11, "UpperLength": 3, "UpperModel": 3, "UpperCollar": 5, "UpperSleeveLength": 1, "UpperShouders": 3, "UpperSleeve": 0, "UpperCuff": 3, "UpperOpening": 1, "UpperMaterial": 5, "UpperPattern": 4, "TrousersType": 0, "TrousersWaist": 0, "TrousersLength": 0, "TrousersModel": 0, "TrousersMaterial": 0, "TrousersPattern": 0, "SkirtType": 5, "SkirtWaist": 2, "SkirtLength": 2, "SkirtFold": 2, "SkirtMaterial": 6, "SkirtPattern": 4}], "rate": 1}