{"image_id": "female_elder_212", "figure": {"gender": 0, "age": 2, "height": 2, "shape": 1, "skinColor": 1, "hair": 3}, "scene": {"season": 2, "sceneClass": "65", "event": 1, "color": [[191.2713076786446, 184.14383703257056, 173.7839361304924], [47.23647755104925, 44.61542588938576, 46.80335270020571], [222.932021853068, 223.42133055833182, 223.46344811559962], [146.19975621203315, 123.30570620290247, 105.24777070893572], [171.83048974321355, 41.65428649480354, 41.59192619086821]]}, "clothes": [{"clothType": 4, "UpperType": 16, "UpperLength": 4, "UpperModel": 4, "UpperCollar": 5, "UpperSleeveLength": 1, "UpperShouders": 3, "UpperSleeve": 0, "UpperCuff": 3, "UpperOpening": 1, "UpperMaterial": 6, "UpperPattern": 2, "TrousersType": 0, "TrousersWaist": 0, "TrousersLength": 0, "TrousersModel": 0, "TrousersMaterial": 0, "TrousersPattern": 0, "SkirtType": 7, "SkirtWaist": 2, "SkirtLength": 3, "SkirtFold": 2, "SkirtMaterial": 6, "SkirtPattern": 1}], "rate": 1}