{"image_id": "female_child_130", "figure": {"gender": 0, "age": 1, "height": 1, "shape": 1, "skinColor": 1, "hair": 1}, "scene": {"season": 2, "sceneClass": "45", "event": 1, "color": [[204.65569263665984, 193.14275289765357, 186.83759566921802], [171.85130570105545, 153.26732710847995, 138.32412890002254], [254.67200576828333, 254.70080859060639, 254.4351067390816], [126.15021566544561, 98.11091142089042, 79.70922673001388], [58.4706316542957, 33.60584235483003, 23.692336941935793]]}, "clothes": [{"clothType": 4, "UpperType": 11, "UpperLength": 2, "UpperModel": 3, "UpperCollar": 5, "UpperSleeveLength": 1, "UpperShouders": 3, "UpperSleeve": 0, "UpperCuff": 3, "UpperOpening": 1, "UpperMaterial": 5, "UpperPattern": 4, "TrousersType": 0, "TrousersWaist": 0, "TrousersLength": 0, "TrousersModel": 0, "TrousersMaterial": 0, "TrousersPattern": 0, "SkirtType": 4, "SkirtWaist": 1, "SkirtLength": 3, "SkirtFold": 1, "SkirtMaterial": 6, "SkirtPattern": 4}], "rate": 1}