{"image_id": "female_child_173", "figure": {"gender": 0, "age": 1, "height": 2, "shape": 2, "skinColor": 2, "hair": 1}, "scene": {"season": 2, "sceneClass": "36", "event": 4, "color": [[232.8437321946138, 229.68844760665033, 226.82440724125138], [251.4706300492977, 249.71440276842046, 248.66193484125006], [182.71305346454642, 196.71208107700264, 201.1674183110648], [147.8448375391712, 145.5844260267153, 144.58153966683625], [54.87823840281078, 54.74431004111159, 64.17007633588653]]}, "clothes": [{"clothType": 4, "UpperType": 16, "UpperLength": 3, "UpperModel": 3, "UpperCollar": 5, "UpperSleeveLength": 4, "UpperShouders": 1, "UpperSleeve": 0, "UpperCuff": 1, "UpperOpening": 1, "UpperMaterial": 5, "UpperPattern": 4, "TrousersType": 0, "TrousersWaist": 0, "TrousersLength": 0, "TrousersModel": 0, "TrousersMaterial": 0, "TrousersPattern": 0, "SkirtType": 5, "SkirtWaist": 2, "SkirtLength": 2, "SkirtFold": 2, "SkirtMaterial": 6, "SkirtPattern": 4}], "rate": 1}