{"image_id": "female_child_166", "figure": {"gender": 0, "age": 1, "height": 3, "shape": 1, "skinColor": 1, "hair": 2}, "scene": {"season": 2, "sceneClass": "63", "event": 6, "color": [[46.22095285209812, 48.37922256078899, 42.11449743067678], [80.78190246718232, 81.76166481909618, 73.85263193255062], [211.27466749825942, 222.70026233235834, 222.541795234012], [116.68296479106502, 120.41921378604522, 111.9580708822222], [161.74593394116494, 181.7502532589583, 176.76780883679777]]}, "clothes": [{"clothType": 4, "UpperType": 16, "UpperLength": 1, "UpperModel": 5, "UpperCollar": 9, "UpperSleeveLength": 1, "UpperShouders": 3, "UpperSleeve": 0, "UpperCuff": 3, "UpperOpening": 1, "UpperMaterial": 5, "UpperPattern": 1, "TrousersType": 0, "TrousersWaist": 0, "TrousersLength": 0, "TrousersModel": 0, "TrousersMaterial": 0, "TrousersPattern": 0, "SkirtType": 6, "SkirtWaist": 1, "SkirtLength": 5, "SkirtFold": 1, "SkirtMaterial": 6, "SkirtPattern": 1}], "rate": 1}