{"image_id": "female_child_189", "figure": {"gender": 0, "age": 1, "height": 3, "shape": 1, "skinColor": 1, "hair": 2}, "scene": {"season": 1, "sceneClass": "46", "event": 4, "color": [[65.24791632669135, 70.47216791311591, 62.856977034176936], [23.17570439261752, 32.745147200127455, 31.917294360910468], [105.47246350378188, 103.86305466262371, 89.30953195175813], [149.31247789818684, 142.62230878038685, 129.40906537972808], [187.24883655203914, 189.55010833725657, 187.44460668863073]]}, "clothes": [{"clothType": 4, "UpperType": 16, "UpperLength": 2, "UpperModel": 3, "UpperCollar": 9, "UpperSleeveLength": 1, "UpperShouders": 3, "UpperSleeve": 0, "UpperCuff": 3, "UpperOpening": 1, "UpperMaterial": 5, "UpperPattern": 1, "TrousersType": 0, "TrousersWaist": 0, "TrousersLength": 0, "TrousersModel": 0, "TrousersMaterial": 0, "TrousersPattern": 0, "SkirtType": 4, "SkirtWaist": 1, "SkirtLength": 3, "SkirtFold": 1, "SkirtMaterial": 6, "SkirtPattern": 1}], "rate": 1}