{"image_id": "female_adult_003", "figure": {"gender": 0, "age": 2, "height": 3, "shape": 1, "skinColor": 2, "hair": 1}, "scene": {"season": 3, "sceneClass": "57", "event": 6, "color": [[238.654955013593, 240.16410364495727, 238.35309389873123], [152.20195043184526, 147.37907348119825, 138.66061518320495], [192.43846222732074, 209.3847342144345, 215.47003708981723], [157.16142745387626, 100.74217720683089, 32.90682126974991], [86.12439825782462, 46.26207941722838, 17.337020198148537]]}, "clothes": [{"clothType": 4, "UpperType": 16, "UpperLength": 3, "UpperModel": 2, "UpperCollar": 4, "UpperSleeveLength": 5, "UpperShouders": 1, "UpperSleeve": 0, "UpperCuff": 1, "UpperOpening": 2, "UpperMaterial": 6, "UpperPattern": 1, "TrousersType": 0, "TrousersWaist": 0, "TrousersLength": 0, "TrousersModel": 0, "TrousersMaterial": 0, "TrousersPattern": 0, "SkirtType": 7, "SkirtWaist": 2, "SkirtLength": 4, "SkirtFold": 1, "SkirtMaterial": 7, "SkirtPattern": 1}], "rate": 1}