{"image_id": "female_child_152", "figure": {"gender": 0, "age": 1, "height": 2, "shape": 1, "skinColor": 1, "hair": 1}, "scene": {"season": 2, "sceneClass": "36", "event": 4, "color": [[221.34152034808605, 218.09900179166047, 214.85687228053115], [253.9111617800218, 253.7928535491755, 253.8401040495578], [140.50898969719688, 156.5756548674553, 173.99262642813972], [97.1173689012176, 115.58007272913028, 138.412962748802], [42.029292596390675, 48.94560223329424, 68.66097357656564]]}, "clothes": [{"clothType": 4, "UpperType": 16, "UpperLength": 2, "UpperModel": 4, "UpperCollar": 5, "UpperSleeveLength": 2, "UpperShouders": 2, "UpperSleeve": 0, "UpperCuff": 2, "UpperOpening": 1, "UpperMaterial": 3, "UpperPattern": 1, "TrousersType": 0, "TrousersWaist": 0, "TrousersLength": 0, "TrousersModel": 0, "TrousersMaterial": 0, "TrousersPattern": 0, "SkirtType": 4, "SkirtWaist": 1, "SkirtLength": 4, "SkirtFold": 1, "SkirtMaterial": 4, "SkirtPattern": 1}], "rate": 1}