{"image_id": "female_child_187", "figure": {"gender": 0, "age": 1, "height": 2, "shape": 1, "skinColor": 1, "hair": 2}, "scene": {"season": 2, "sceneClass": "74", "event": 6, "color": [[19.9586099816882, 9.27205003959385, 5.018133833449006], [82.305429755472, 55.82200812170251, 22.03502530423355], [162.9359340601901, 119.93568945034016, 38.67751686060324], [213.74100126131236, 166.2399163851436, 80.5512493715816], [233.46419745188598, 207.04195692337413, 170.3667111882762]]}, "clothes": [{"clothType": 5, "UpperType": 16, "UpperLength": 2, "UpperModel": 3, "UpperCollar": 3, "UpperSleeveLength": 6, "UpperShouders": 3, "UpperSleeve": 0, "UpperCuff": 3, "UpperOpening": 1, "UpperMaterial": 5, "UpperPattern": 4, "TrousersType": 3, "TrousersWaist": 2, "TrousersLength": 3, "TrousersModel": 3, "TrousersMaterial": 5, "TrousersPattern": 4, "SkirtType": 0, "SkirtWaist": 0, "SkirtLength": 0, "SkirtFold": 0, "SkirtMaterial": 0, "SkirtPattern": 0}], "rate": 1}