{"image_id": "female_child_162", "figure": {"gender": 0, "age": 1, "height": 3, "shape": 2, "skinColor": 1, "hair": 2}, "scene": {"season": 2, "sceneClass": "22", "event": 6, "color": [[215.8791778475844, 193.5192520696392, 162.71414787325565], [115.30487739444868, 113.88468542966538, 63.48770472399557], [172.91139467480994, 154.80970948485788, 104.52092550150144], [61.273291598118945, 65.63132820290737, 29.43228022082687], [242.8094921878699, 234.56088162890688, 229.15152732769477]]}, "clothes": [{"clothType": 4, "UpperType": 5, "UpperLength": 2, "UpperModel": 3, "UpperCollar": 11, "UpperSleeveLength": 5, "UpperShouders": 1, "UpperSleeve": 0, "UpperCuff": 1, "UpperOpening": 1, "UpperMaterial": 5, "UpperPattern": 2, "TrousersType": 0, "TrousersWaist": 0, "TrousersLength": 0, "TrousersModel": 0, "TrousersMaterial": 0, "TrousersPattern": 0, "SkirtType": 4, "SkirtWaist": 1, "SkirtLength": 1, "SkirtFold": 1, "SkirtMaterial": 6, "SkirtPattern": 2}], "rate": 1}