{"image_id": "female_child_125", "figure": {"gender": 0, "age": 1, "height": 1, "shape": 2, "skinColor": 1, "hair": 2}, "scene": {"season": 2, "sceneClass": "63", "event": 6, "color": [[75.31427464634817, 93.14384964703612, 66.52599533883762], [108.84777841267189, 123.51341218558179, 99.41452540715791], [34.986519597973356, 51.423544108602215, 26.89833061524824], [154.75513161070984, 160.43392370170156, 135.2226220837454], [217.27656588636574, 214.76113330066303, 200.1873666204071]]}, "clothes": [{"clothType": 5, "UpperType": 11, "UpperLength": 2, "UpperModel": 5, "UpperCollar": 9, "UpperSleeveLength": 1, "UpperShouders": 3, "UpperSleeve": 0, "UpperCuff": 3, "UpperOpening": 1, "UpperMaterial": 5, "UpperPattern": 1, "TrousersType": 5, "TrousersWaist": 1, "TrousersLength": 1, "TrousersModel": 3, "TrousersMaterial": 5, "TrousersPattern": 4, "SkirtType": 0, "SkirtWaist": 0, "SkirtLength": 0, "SkirtFold": 0, "SkirtMaterial": 0, "SkirtPattern": 0}], "rate": 1}