{"image_id": "female_child_126", "figure": {"gender": 0, "age": 1, "height": 3, "shape": 2, "skinColor": 1, "hair": 2}, "scene": {"season": 2, "sceneClass": "74", "event": 6, "color": [[225.1076860877932, 222.99086205996625, 222.52088873144126], [81.78072137421037, 103.90561642326719, 57.70621997715176], [33.96337015448404, 49.26798800365587, 25.80331203546757], [128.00716546678254, 152.43971219485314, 95.41762255660137], [181.35366815991682, 188.34540675724392, 181.3912056427627]]}, "clothes": [{"clothType": 4, "UpperType": 16, "UpperLength": 3, "UpperModel": 1, "UpperCollar": 9, "UpperSleeveLength": 6, "UpperShouders": 3, "UpperSleeve": 0, "UpperCuff": 3, "UpperOpening": 1, "UpperMaterial": 5, "UpperPattern": 1, "TrousersType": 0, "TrousersWaist": 0, "TrousersLength": 0, "TrousersModel": 0, "TrousersMaterial": 0, "TrousersPattern": 0, "SkirtType": 4, "SkirtWaist": 1, "SkirtLength": 5, "SkirtFold": 1, "SkirtMaterial": 6, "SkirtPattern": 4}], "rate": 1}