{"image_id": "female_child_157", "figure": {"gender": 0, "age": 1, "height": 3, "shape": 1, "skinColor": 1, "hair": 2}, "scene": {"season": 2, "sceneClass": "74", "event": 6, "color": [[53.96105200164624, 53.42475098252059, 26.791337472616362], [101.47970843705215, 95.17955101909124, 49.16002587207678], [197.11942772113642, 174.00165731643946, 125.81742819652784], [156.90781224990184, 137.74066651549435, 80.20582017286692], [226.0706791895047, 210.00506247173954, 187.39740708626454]]}, "clothes": [{"clothType": 4, "UpperType": 16, "UpperLength": 2, "UpperModel": 3, "UpperCollar": 11, "UpperSleeveLength": 5, "UpperShouders": 1, "UpperSleeve": 0, "UpperCuff": 1, "UpperOpening": 1, "UpperMaterial": 5, "UpperPattern": 4, "TrousersType": 0, "TrousersWaist": 0, "TrousersLength": 0, "TrousersModel": 0, "TrousersMaterial": 0, "TrousersPattern": 0, "SkirtType": 4, "SkirtWaist": 1, "SkirtLength": 1, "SkirtFold": 1, "SkirtMaterial": 6, "SkirtPattern": 4}], "rate": 1}