{"image_id": "female_adult_004", "figure": {"gender": 0, "age": 2, "height": 2, "shape": 1, "skinColor": 1, "hair": 1}, "scene": {"season": 1, "sceneClass": "23", "event": 4, "color": [[111.07535279300892, 168.44219431378372, 237.58250796772305], [192.6808262064162, 224.41371473425062, 249.00000912732077], [100.427041662852, 97.55843283355252, 93.24686230799439], [52.40071168383206, 45.32743772767091, 44.083696544756975], [154.1057502411229, 145.07918063656842, 131.10407385294397]]}, "clothes": [{"clothType": 4, "UpperType": 5, "UpperLength": 3, "UpperModel": 2, "UpperCollar": 6, "UpperSleeveLength": 5, "UpperShouders": 1, "UpperSleeve": 0, "UpperCuff": 1, "UpperOpening": 2, "UpperMaterial": 5, "UpperPattern": 2, "TrousersType": 0, "TrousersWaist": 0, "TrousersLength": 0, "TrousersModel": 0, "TrousersMaterial": 0, "TrousersPattern": 0, "SkirtType": 4, "SkirtWaist": 2, "SkirtLength": 2, "SkirtFold": 1, "SkirtMaterial": 6, "SkirtPattern": 2}], "rate": 1}