{"image_id": "female_child_184", "figure": {"gender": 0, "age": 1, "height": 2, "shape": 2, "skinColor": 2, "hair": 1}, "scene": {"season": 1, "sceneClass": "65", "event": 1, "color": [[250.56598397359903, 249.26944038160653, 251.16840722555966], [201.75332916440476, 205.30929193106707, 203.96834859093835], [51.03887532769093, 50.89717249796155, 61.47787270587199], [160.85172588831753, 157.51685279187248, 155.97765228425195], [110.5372309095248, 105.58060838669688, 106.8351541866909]]}, "clothes": [{"clothType": 1, "UpperType": 8, "UpperLength": 5, "UpperModel": 4, "UpperCollar": 6, "UpperSleeveLength": 5, "UpperShouders": 1, "UpperSleeve": 0, "UpperCuff": 1, "UpperOpening": 2, "UpperMaterial": 5, "UpperPattern": 1, "TrousersType": 0, "TrousersWaist": 0, "TrousersLength": 0, "TrousersModel": 0, "TrousersMaterial": 0, "TrousersPattern": 0, "SkirtType": 0, "SkirtWaist": 0, "SkirtLength": 0, "SkirtFold": 0, "SkirtMaterial": 0, "SkirtPattern": 0}], "rate": 1}