{"image_id": "female_child_150", "figure": {"gender": 0, "age": 1, "height": 3, "shape": 2, "skinColor": 1, "hair": 2}, "scene": {"season": 2, "sceneClass": "74", "event": 4, "color": [[196.61845732056216, 194.75578418799512, 196.59816537206146], [113.80952868918956, 107.06643241061302, 108.21519380664549], [159.9841363968299, 154.35471820745332, 155.19751944840456], [53.497127635279526, 65.29287102688335, 82.10423536081683], [216.64719386181253, 166.94214651079767, 115.85264179624896]]}, "clothes": [{"clothType": 4, "UpperType": 16, "UpperLength": 2, "UpperModel": 1, "UpperCollar": 10, "UpperSleeveLength": 3, "UpperShouders": 2, "UpperSleeve": 0, "UpperCuff": 1, "UpperOpening": 1, "UpperMaterial": 5, "UpperPattern": 1, "TrousersType": 0, "TrousersWaist": 0, "TrousersLength": 0, "TrousersModel": 0, "TrousersMaterial": 0, "TrousersPattern": 0, "SkirtType": 4, "SkirtWaist": 1, "SkirtLength": 2, "SkirtFold": 1, "SkirtMaterial": 6, "SkirtPattern": 1}], "rate": 1}