{"image_id": "female_child_188", "figure": {"gender": 0, "age": 1, "height": 2, "shape": 2, "skinColor": 1, "hair": 2}, "scene": {"season": 2, "sceneClass": "24", "event": 6, "color": [[67.54215236909734, 63.795736192859465, 50.70387948922304], [103.25900515860394, 96.92463910933377, 81.62888170549684], [142.25384021500957, 135.60031537471116, 121.55528889926089], [24.68874085581031, 25.84814897007776, 20.115210861275614], [184.52505312551202, 185.07753920712014, 180.58138059019007]]}, "clothes": [{"clothType": 4, "UpperType": 16, "UpperLength": 2, "UpperModel": 3, "UpperCollar": 5, "UpperSleeveLength": 5, "UpperShouders": 1, "UpperSleeve": 0, "UpperCuff": 1, "UpperOpening": 1, "UpperMaterial": 1, "UpperPattern": 1, "TrousersType": 0, "TrousersWaist": 0, "TrousersLength": 0, "TrousersModel": 0, "TrousersMaterial": 0, "TrousersPattern": 0, "SkirtType": 4, "SkirtWaist": 1, "SkirtLength": 2, "SkirtFold": 1, "SkirtMaterial": 1, "SkirtPattern": 1}], "rate": 1}