{"image_id": "female_child_154", "figure": {"gender": 0, "age": 1, "height": 2, "shape": 1, "skinColor": 2, "hair": 1}, "scene": {"season": 2, "sceneClass": "64", "event": 4, "color": [[204.24323025337915, 200.41379563819098, 200.17126087767807], [254.8676808295973, 254.8581003148222, 254.85817305194468], [169.5489655172402, 148.80786206896786, 135.07548768472907], [37.12635295211879, 24.14019603290012, 20.21533423143032], [114.85016156980443, 87.0721210134434, 68.44691612419801]]}, "clothes": [{"clothType": 4, "UpperType": 16, "UpperLength": 3, "UpperModel": 3, "UpperCollar": 9, "UpperSleeveLength": 6, "UpperShouders": 3, "UpperSleeve": 0, "UpperCuff": 3, "UpperOpening": 1, "UpperMaterial": 5, "UpperPattern": 1, "TrousersType": 0, "TrousersWaist": 0, "TrousersLength": 0, "TrousersModel": 0, "TrousersMaterial": 0, "TrousersPattern": 0, "SkirtType": 5, "SkirtWaist": 1, "SkirtLength": 2, "SkirtFold": 1, "SkirtMaterial": 6, "SkirtPattern": 1}], "rate": 1}