{"image_id": "female_elder_216", "figure": {"gender": 0, "age": 3, "height": 2, "shape": 2, "skinColor": 1, "hair": 3}, "scene": {"season": 2, "sceneClass": "46", "event": 1, "color": [[35.59053925289536, 45.956405998451594, 37.877477010753275], [65.43258746966752, 85.04720065661125, 66.06749998878799], [109.78157464134739, 138.98283039689397, 94.45680581452817], [168.22461578153388, 177.40579736851157, 149.07773744149546], [220.18950866005213, 221.8449978039497, 213.9188993068252]]}, "clothes": [{"clothType": 4, "UpperType": 16, "UpperLength": 5, "UpperModel": 2, "UpperCollar": 10, "UpperSleeveLength": 2, "UpperShouders": 1, "UpperSleeve": 0, "UpperCuff": 1, "UpperOpening": 1, "UpperMaterial": 1, "UpperPattern": 1, "TrousersType": 0, "TrousersWaist": 0, "TrousersLength": 0, "TrousersModel": 0, "TrousersMaterial": 0, "TrousersPattern": 0, "SkirtType": 7, "SkirtWaist": 2, "SkirtLength": 4, "SkirtFold": 1, "SkirtMaterial": 1, "SkirtPattern": 1}], "rate": 1}