{"image_id": "female_elder_260", "figure": {"gender": 0, "age": 3, "height": 1, "shape": 2, "skinColor": 1, "hair": 3}, "scene": {"season": 2, "sceneClass": "45", "event": 1, "color": [[78.05336492089515, 62.76837885233887, 54.611797412823925], [143.63071716580492, 108.10146062539141, 90.33965516155601], [202.80014652566098, 198.86261529504836, 191.1571806962727], [243.0566899027322, 98.69290693440081, 143.27788326483068], [17.8645480226006, 99.1873822975512, 207.06148775893007]]}, "clothes": [{"clothType": 4, "UpperType": 16, "UpperLength": 4, "UpperModel": 3, "UpperCollar": 6, "UpperSleeveLength": 2, "UpperShouders": 1, "UpperSleeve": 0, "UpperCuff": 1, "UpperOpening": 1, "UpperMaterial": 1, "UpperPattern": 1, "TrousersType": 0, "TrousersWaist": 0, "TrousersLength": 0, "TrousersModel": 0, "TrousersMaterial": 0, "TrousersPattern": 0, "SkirtType": 7, "SkirtWaist": 2, "SkirtLength": 2, "SkirtFold": 2, "SkirtMaterial": 1, "SkirtPattern": 1}], "rate": 1}