{"image_id": "female_elder_294", "figure": {"gender": 0, "age": 3, "height": 2, "shape": 2, "skinColor": 1, "hair": 3}, "scene": {"season": 3, "sceneClass": "72", "event": 6, "color": [[108.68202167370293, 97.63512483693174, 94.23698221412704], [144.06540574032226, 131.56363879816917, 128.63838596530874], [69.20934961254252, 61.49951118648559, 58.46760556343543], [18.60952845644364, 16.96446189245495, 17.193165438676814], [186.91352916273559, 174.4160214128706, 170.97963182981297]]}, "clothes": [{"clothType": 4, "UpperType": 16, "UpperLength": 5, "UpperModel": 3, "UpperCollar": 8, "UpperSleeveLength": 5, "UpperShouders": 1, "UpperSleeve": 0, "UpperCuff": 1, "UpperOpening": 1, "UpperMaterial": 5, "UpperPattern": 2, "TrousersType": 0, "TrousersWaist": 0, "TrousersLength": 0, "TrousersModel": 0, "TrousersMaterial": 0, "TrousersPattern": 0, "SkirtType": 7, "SkirtWaist": 1, "SkirtLength": 4, "SkirtFold": 1, "SkirtMaterial": 6, "SkirtPattern": 2}], "rate": 1}