{"image_id": "female_adult_021", "figure": {"gender": 0, "age": 2, "height": 2, "shape": 1, "skinColor": 2, "hair": 1}, "scene": {"season": 2, "sceneClass": "20", "event": 4, "color": [[228.5386571752279, 231.7755573531904, 236.83327616890534], [191.812648953298, 202.49746376811808, 215.53878421900657], [165.95244444444162, 163.74926984126992, 117.76366137566512], [52.330978740750425, 55.4416445923645, 37.76798206887264], [109.13980129764472, 118.65711171938314, 67.29392234388746]]}, "clothes": [{"clothType": 5, "UpperType": 16, "UpperLength": 2, "UpperModel": 3, "UpperCollar": 9, "UpperSleeveLength": 6, "UpperShouders": 3, "UpperSleeve": 0, "UpperCuff": 3, "UpperOpening": 1, "UpperMaterial": 5, "UpperPattern": 1, "TrousersType": 3, "TrousersWaist": 1, "TrousersLength": 3, "TrousersModel": 3, "TrousersMaterial": 5, "TrousersPattern": 1, "SkirtType": 0, "SkirtWaist": 0, "SkirtLength": 0, "SkirtFold": 0, "SkirtMaterial": 0, "SkirtPattern": 0}], "rate": 1}