{"image_id": "female_child_153", "figure": {"gender": 0, "age": 1, "height": 3, "shape": 1, "skinColor": 1, "hair": 2}, "scene": {"season": 2, "sceneClass": "21", "event": 6, "color": [[65.00693750254554, 86.09828949143792, 49.169903525692675], [34.210966795282324, 47.97898302630573, 22.249225585563714], [97.03010240258881, 130.22744999422486, 79.81456227429206], [162.12119704350346, 172.4236519617745, 135.79563748424647], [209.30107968234506, 219.3374855001438, 204.13850272150864]]}, "clothes": [{"clothType": 4, "UpperType": 5, "UpperLength": 2, "UpperModel": 3, "UpperCollar": 2, "UpperSleeveLength": 1, "UpperShouders": 3, "UpperSleeve": 0, "UpperCuff": 3, "UpperOpening": 1, "UpperMaterial": 5, "UpperPattern": 4, "TrousersType": 0, "TrousersWaist": 0, "TrousersLength": 0, "TrousersModel": 0, "TrousersMaterial": 0, "TrousersPattern": 0, "SkirtType": 4, "SkirtWaist": 1, "SkirtLength": 3, "SkirtFold": 1, "SkirtMaterial": 6, "SkirtPattern": 4}], "rate": 1}