{"image_id": "female_child_197", "figure": {"gender": 0, "age": 1, "height": 3, "shape": 1, "skinColor": 1, "hair": 2}, "scene": {"season": 2, "sceneClass": "74", "event": 6, "color": [[80.6637881637116, 94.81523463901308, 57.2548154623814], [122.85758223405651, 138.52526446769917, 91.00673002592008], [39.30322424324277, 47.609447976801036, 24.78770877368079], [168.2111265257823, 176.17483357318378, 137.8612109039404], [214.8088314154706, 216.55420623391518, 215.08571667969267]]}, "clothes": [{"clothType": 4, "UpperType": 16, "UpperLength": 1, "UpperModel": 1, "UpperCollar": 5, "UpperSleeveLength": 1, "UpperShouders": 3, "UpperSleeve": 0, "UpperCuff": 3, "UpperOpening": 1, "UpperMaterial": 5, "UpperPattern": 4, "TrousersType": 0, "TrousersWaist": 0, "TrousersLength": 0, "TrousersModel": 0, "TrousersMaterial": 0, "TrousersPattern": 0, "SkirtType": 4, "SkirtWaist": 1, "SkirtLength": 1, "SkirtFold": 1, "SkirtMaterial": 6, "SkirtPattern": 4}], "rate": 1}