{"image_id": "female_child_192", "figure": {"gender": 0, "age": 1, "height": 3, "shape": 1, "skinColor": 1, "hair": 2}, "scene": {"season": 2, "sceneClass": "65", "event": 6, "color": [[183.67028097002324, 186.3728549864094, 187.39332334685201], [172.23244587662754, 164.31595951616666, 154.16275874817947], [67.37328754054006, 92.80605323409837, 78.62768555615816], [37.195287976051816, 55.94617068480552, 46.94729212879392], [128.55512366245466, 122.02808186577514, 105.70855148341859]]}, "clothes": [{"clothType": 4, "UpperType": 16, "UpperLength": 2, "UpperModel": 3, "UpperCollar": 3, "UpperSleeveLength": 3, "UpperShouders": 1, "UpperSleeve": 0, "UpperCuff": 1, "UpperOpening": 1, "UpperMaterial": 3, "UpperPattern": 4, "TrousersType": 0, "TrousersWaist": 0, "TrousersLength": 0, "TrousersModel": 0, "TrousersMaterial": 0, "TrousersPattern": 0, "SkirtType": 4, "SkirtWaist": 1, "SkirtLength": 2, "SkirtFold": 1, "SkirtMaterial": 4, "SkirtPattern": 4}], "rate": 1}