{"image_id": "female_elder_252", "figure": {"gender": 0, "age": 2, "height": 2, "shape": 1, "skinColor": 2, "hair": 3}, "scene": {"season": 2, "sceneClass": "18", "event": 4, "color": [[152.24422123648938, 172.88037188324233, 199.7874063909229], [217.44469601997127, 210.1830230670262, 194.61458684233202], [41.530633963033225, 34.356517973786566, 34.42069223658231], [63.33267503820555, 164.698177888728, 213.93393449340294], [108.76440575015579, 103.72836606599603, 103.01017749880398]]}, "clothes": [{"clothType": 4, "UpperType": 16, "UpperLength": 3, "UpperModel": 3, "UpperCollar": 5, "UpperSleeveLength": 1, "UpperShouders": 3, "UpperSleeve": 0, "UpperCuff": 3, "UpperOpening": 1, "UpperMaterial": 1, "UpperPattern": 2, "TrousersType": 0, "TrousersWaist": 0, "TrousersLength": 0, "TrousersModel": 0, "TrousersMaterial": 0, "TrousersPattern": 0, "SkirtType": 7, "SkirtWaist": 2, "SkirtLength": 1, "SkirtFold": 2, "SkirtMaterial": 1, "SkirtPattern": 2}], "rate": 1}