{"image_id": "female_elder_226", "figure": {"gender": 0, "age": 2, "height": 2, "shape": 1, "skinColor": 1, "hair": 3}, "scene": {"season": 1, "sceneClass": "24", "event": 4, "color": [[248.28107549976357, 244.28617850013285, 236.95153777155042], [36.50441434944534, 42.88147522874414, 37.14927229495672], [215.93539258247694, 219.17770408799777, 215.99320909815725], [145.60132684452685, 135.22016895453984, 59.335315182887754], [79.1189681095149, 110.1956635277082, 148.9852021840616]]}, "clothes": [{"clothType": 2, "UpperType": 5, "UpperLength": 2, "UpperModel": 3, "UpperCollar": 6, "UpperSleeveLength": 5, "UpperShouders": 1, "UpperSleeve": 0, "UpperCuff": 1, "UpperOpening": 2, "UpperMaterial": 3, "UpperPattern": 1, "TrousersType": 3, "TrousersWaist": 2, "TrousersLength": 4, "TrousersModel": 1, "TrousersMaterial": 3, "TrousersPattern": 1, "SkirtType": 0, "SkirtWaist": 0, "SkirtLength": 0, "SkirtFold": 0, "SkirtMaterial": 0, "SkirtPattern": 0}], "rate": 1}