{"image_id": "female_elder_217", "figure": {"gender": 0, "age": 3, "height": 2, "shape": 1, "skinColor": 1, "hair": 3}, "scene": {"season": 4, "sceneClass": "30", "event": 4, "color": [[172.6374547974669, 132.0898495541123, 99.59104551669512], [191.25553173887312, 172.45811562600403, 135.18352610488918], [64.96175768520003, 27.41299359084917, 55.73172920384962], [125.58728945996656, 72.58600065597913, 73.38730103604995], [220.3081355870862, 231.84486161538803, 202.60671054652323]]}, "clothes": [{"clothType": 1, "UpperType": 8, "UpperLength": 4, "UpperModel": 4, "UpperCollar": 1, "UpperSleeveLength": 5, "UpperShouders": 1, "UpperSleeve": 0, "UpperCuff": 1, "UpperOpening": 2, "UpperMaterial": 1, "UpperPattern": 2, "TrousersType": 0, "TrousersWaist": 0, "TrousersLength": 0, "TrousersModel": 0, "TrousersMaterial": 0, "TrousersPattern": 0, "SkirtType": 0, "SkirtWaist": 0, "SkirtLength": 0, "SkirtFold": 0, "SkirtMaterial": 0, "SkirtPattern": 0}], "rate": 1}