{"image_id": "female_elder_215", "figure": {"gender": 0, "age": 2, "height": 3, "shape": 1, "skinColor": 2, "hair": 3}, "scene": {"season": 2, "sceneClass": "32", "event": 4, "color": [[42.012180181900646, 15.280786175363787, 37.953699995295665], [225.63588651827848, 227.92339519600125, 199.5113157773037], [147.7387765434381, 127.95895199057665, 119.40525173061818], [189.3177165870449, 183.04132162474065, 161.82440692505955], [102.93434232116437, 70.27305120857875, 76.1215438493321]]}, "clothes": [{"clothType": 4, "UpperType": 16, "UpperLength": 5, "UpperModel": 2, "UpperCollar": 10, "UpperSleeveLength": 2, "UpperShouders": 1, "UpperSleeve": 0, "UpperCuff": 1, "UpperOpening": 1, "UpperMaterial": 1, "UpperPattern": 1, "TrousersType": 0, "TrousersWaist": 0, "TrousersLength": 0, "TrousersModel": 0, "TrousersMaterial": 0, "TrousersPattern": 0, "SkirtType": 7, "SkirtWaist": 1, "SkirtLength": 4, "SkirtFold": 1, "SkirtMaterial": 1, "SkirtPattern": 1}], "rate": 1}