{"image_id": "female_adult_079", "figure": {"gender": 0, "age": 2, "height": 2, "shape": 2, "skinColor": 1, "hair": 1}, "scene": {"season": 3, "sceneClass": "6", "event": 4, "color": [[34.538856238686066, 31.121586799289418, 31.894134267633007], [69.67904184463329, 59.97032645381093, 64.35593321585546], [206.6239051389024, 172.9204535277437, 178.14184384459864], [241.98161284488393, 209.832104173792, 234.83746960593396], [152.13038466754068, 114.5869909144333, 120.49077882746467]]}, "clothes": [{"clothType": 4, "UpperType": 6, "UpperLength": 3, "UpperModel": 2, "UpperCollar": 5, "UpperSleeveLength": 5, "UpperShouders": 1, "UpperSleeve": 0, "UpperCuff": 2, "UpperOpening": 1, "UpperMaterial": 1, "UpperPattern": 1, "TrousersType": 0, "TrousersWaist": 0, "TrousersLength": 0, "TrousersModel": 0, "TrousersMaterial": 0, "TrousersPattern": 0, "SkirtType": 5, "SkirtWaist": 2, "SkirtLength": 4, "SkirtFold": 2, "SkirtMaterial": 1, "SkirtPattern": 3}], "rate": 1}