{"image_id": "female_child_200", "figure": {"gender": 0, "age": 1, "height": 1, "shape": 2, "skinColor": 2, "hair": 1}, "scene": {"season": 3, "sceneClass": "41", "event": 1, "color": [[219.81136332447508, 221.4534714766603, 217.86650898846514], [254.10389077621926, 254.07331581310845, 254.01044804819512], [172.17169018586867, 182.86201306115564, 192.81390144768443], [50.555192325305285, 141.05691851762998, 195.58412514130083], [99.3987411056387, 75.3318281335525, 90.50191570881125]]}, "clothes": [{"clothType": 4, "UpperType": 16, "UpperLength": 2, "UpperModel": 3, "UpperCollar": 5, "UpperSleeveLength": 3, "UpperShouders": 1, "UpperSleeve": 0, "UpperCuff": 1, "UpperOpening": 1, "UpperMaterial": 5, "UpperPattern": 1, "TrousersType": 0, "TrousersWaist": 0, "TrousersLength": 0, "TrousersModel": 0, "TrousersMaterial": 0, "TrousersPattern": 0, "SkirtType": 4, "SkirtWaist": 1, "SkirtLength": 3, "SkirtFold": 1, "SkirtMaterial": 6, "SkirtPattern": 1}], "rate": 1}