{"image_id": "female_child_134", "figure": {"gender": 0, "age": 1, "height": 3, "shape": 1, "skinColor": 1, "hair": 2}, "scene": {"season": 2, "sceneClass": "63", "event": 6, "color": [[92.27996118388306, 51.3715974165357, 76.42557098322008], [55.62543682484295, 22.790814714053482, 67.60398763496674], [131.42279490889337, 84.68625180897774, 89.91585958662633], [164.73945731361673, 126.88560783315484, 114.72240826782199], [192.24722203664388, 174.16085465519544, 158.4284187320511]]}, "clothes": [{"clothType": 4, "UpperType": 16, "UpperLength": 2, "UpperModel": 2, "UpperCollar": 5, "UpperSleeveLength": 5, "UpperShouders": 1, "UpperSleeve": 0, "UpperCuff": 1, "UpperOpening": 1, "UpperMaterial": 5, "UpperPattern": 2, "TrousersType": 0, "TrousersWaist": 0, "TrousersLength": 0, "TrousersModel": 0, "TrousersMaterial": 0, "TrousersPattern": 0, "SkirtType": 7, "SkirtWaist": 1, "SkirtLength": 1, "SkirtFold": 1, "SkirtMaterial": 6, "SkirtPattern": 2}], "rate": 1}