{"image_id": "female_elder_292", "figure": {"gender": 0, "age": 2, "height": 2, "shape": 2, "skinColor": 1, "hair": 3}, "scene": {"season": 4, "sceneClass": "40", "event": 1, "color": [[217.04888242484407, 214.57291342024263, 220.2604398912377], [186.43134056440243, 179.14289876935547, 181.70700496447049], [108.19266719276776, 74.32543314097825, 66.0330656897546], [155.8019759650218, 125.92488962449339, 124.29227604249236], [51.28032390178613, 29.207436138800375, 27.376622096514453]]}, "clothes": [{"clothType": 4, "UpperType": 16, "UpperLength": 5, "UpperModel": 4, "UpperCollar": 1, "UpperSleeveLength": 5, "UpperShouders": 1, "UpperSleeve": 0, "UpperCuff": 1, "UpperOpening": 1, "UpperMaterial": 4, "UpperPattern": 2, "TrousersType": 0, "TrousersWaist": 0, "TrousersLength": 0, "TrousersModel": 0, "TrousersMaterial": 0, "TrousersPattern": 0, "SkirtType": 7, "SkirtWaist": 2, "SkirtLength": 3, "SkirtFold": 2, "SkirtMaterial": 5, "SkirtPattern": 2}], "rate": 1}