{"image_id": "female_adult_001", "figure": {"gender": 0, "age": 2, "height": 3, "shape": 1, "skinColor": 2, "hair": 1}, "scene": {"season": 2, "sceneClass": "25", "event": 1, "color": [[198.5933547083618, 194.36129177317144, 182.5872513636856], [169.8048575905604, 166.10220296801418, 150.09994008664174], [44.24362470627325, 49.34729757176471, 51.01554295163659], [79.89402933362997, 88.12232359395634, 79.56175847864168], [123.65376319108225, 129.74794252339785, 110.6871971859037]]}, "clothes": [{"clothType": 4, "UpperType": 5, "UpperLength": 3, "UpperModel": 2, "UpperCollar": 5, "UpperSleeveLength": 5, "UpperShouders": 1, "UpperSleeve": 0, "UpperCuff": 1, "UpperOpening": 1, "UpperMaterial": 6, "UpperPattern": 3, "TrousersType": 0, "TrousersWaist": 0, "TrousersLength": 0, "TrousersModel": 0, "TrousersMaterial": 0, "TrousersPattern": 0, "SkirtType": 7, "SkirtWaist": 2, "SkirtLength": 1, "SkirtFold": 2, "SkirtMaterial": 7, "SkirtPattern": 2}], "rate": 1}