{"image_id": "female_elder_230", "figure": {"gender": 0, "age": 2, "height": 2, "shape": 2, "skinColor": 2, "hair": 3}, "scene": {"season": 1, "sceneClass": "36", "event": 4, "color": [[219.46665028149462, 219.55920195811188, 221.62903569088132], [134.7424517508735, 124.12236370868634, 121.6927414941988], [180.4552396411498, 177.27574440604698, 177.84885851921973], [102.4401770035699, 87.44103392566504, 87.4260167169907], [49.579515912121536, 45.32351710739134, 48.498685193453795]]}, "clothes": [{"clothType": 2, "UpperType": 7, "UpperLength": 3, "UpperModel": 4, "UpperCollar": 5, "UpperSleeveLength": 5, "UpperShouders": 1, "UpperSleeve": 0, "UpperCuff": 1, "UpperOpening": 1, "UpperMaterial": 1, "UpperPattern": 3, "TrousersType": 3, "TrousersWaist": 1, "TrousersLength": 4, "TrousersModel": 2, "TrousersMaterial": 3, "TrousersPattern": 2, "SkirtType": 0, "SkirtWaist": 0, "SkirtLength": 0, "SkirtFold": 0, "SkirtMaterial": 0, "SkirtPattern": 0}], "rate": 1}