{"image_id": "female_elder_224", "figure": {"gender": 0, "age": 2, "height": 2, "shape": 2, "skinColor": 3, "hair": 2}, "scene": {"season": 2, "sceneClass": "49", "event": 1, "color": [[148.34574339401163, 132.76068295653806, 116.6108572350194], [49.622388235473906, 41.0251374343147, 36.59775242372157], [97.66161606100198, 85.75210464036172, 74.45980166777542], [186.11140412359384, 172.17757899989192, 152.79595911718982], [221.1591348956838, 220.67081147250963, 217.82118456339464]]}, "clothes": [{"clothType": 4, "UpperType": 16, "UpperLength": 4, "UpperModel": 4, "UpperCollar": 5, "UpperSleeveLength": 3, "UpperShouders": 2, "UpperSleeve": 0, "UpperCuff": 1, "UpperOpening": 1, "UpperMaterial": 3, "UpperPattern": 3, "TrousersType": 0, "TrousersWaist": 0, "TrousersLength": 0, "TrousersModel": 0, "TrousersMaterial": 0, "TrousersPattern": 0, "SkirtType": 7, "SkirtWaist": 2, "SkirtLength": 2, "SkirtFold": 1, "SkirtMaterial": 4, "SkirtPattern": 3}], "rate": 1}