{"image_id": "female_elder_219", "figure": {"gender": 0, "age": 2, "height": 2, "shape": 2, "skinColor": 1, "hair": 3}, "scene": {"season": 2, "sceneClass": "32", "event": 4, "color": [[224.38612530321643, 225.82812270106876, 231.16558819040404], [29.550208106529155, 34.243158096928155, 30.763053083202138], [122.08398108638858, 120.81294737246029, 111.35782108944484], [71.64228675967472, 74.17251314886244, 65.83590212667413], [173.08540164285324, 171.19717146691636, 161.69012962880996]]}, "clothes": [{"clothType": 4, "UpperType": 16, "UpperLength": 4, "UpperModel": 2, "UpperCollar": 5, "UpperSleeveLength": 1, "UpperShouders": 3, "UpperSleeve": 0, "UpperCuff": 3, "UpperOpening": 1, "UpperMaterial": 1, "UpperPattern": 2, "TrousersType": 0, "TrousersWaist": 0, "TrousersLength": 0, "TrousersModel": 0, "TrousersMaterial": 0, "TrousersPattern": 0, "SkirtType": 7, "SkirtWaist": 2, "SkirtLength": 3, "SkirtFold": 1, "SkirtMaterial": 1, "SkirtPattern": 2}], "rate": 1}