{"image_id": "female_elder_213", "figure": {"gender": 0, "age": 2, "height": 3, "shape": 2, "skinColor": 1, "hair": 2}, "scene": {"season": 4, "sceneClass": "32", "event": 1, "color": [[212.1632138615029, 218.06755747425737, 228.22025034045691], [21.590784691595587, 23.503043306898576, 34.465147932505346], [247.64282086269404, 248.31826214715673, 250.19766187432327], [176.99757583727768, 183.63969840435064, 196.59036472031963], [112.90641887993064, 113.13647858798498, 116.72976064303016]]}, "clothes": [{"clothType": 1, "UpperType": 4, "UpperLength": 5, "UpperModel": 2, "UpperCollar": 8, "UpperSleeveLength": 5, "UpperShouders": 1, "UpperSleeve": 0, "UpperCuff": 1, "UpperOpening": 2, "UpperMaterial": 4, "UpperPattern": 2, "TrousersType": 0, "TrousersWaist": 0, "TrousersLength": 0, "TrousersModel": 0, "TrousersMaterial": 0, "TrousersPattern": 0, "SkirtType": 0, "SkirtWaist": 0, "SkirtLength": 0, "SkirtFold": 0, "SkirtMaterial": 0, "SkirtPattern": 0}], "rate": 1}