{"image_id": "female_child_102", "figure": {"gender": 0, "age": 1, "height": 2, "shape": 1, "skinColor": 1, "hair": 2}, "scene": {"season": 2, "sceneClass": "46", "event": 6, "color": [[56.64821691233324, 74.34127580622776, 29.865198723032435], [13.647456156788706, 32.12018056642188, 5.433492093305659], [102.1273699448949, 106.26039373441085, 79.55541101282495], [154.31271859111808, 149.91893296685427, 144.49226947165664], [188.60307550562922, 192.34641564783874, 202.58209733243314]]}, "clothes": [{"clothType": 1, "UpperType": 16, "UpperLength": 4, "UpperModel": 4, "UpperCollar": 5, "UpperSleeveLength": 2, "UpperShouders": 1, "UpperSleeve": 0, "UpperCuff": 1, "UpperOpening": 1, "UpperMaterial": 5, "UpperPattern": 1, "TrousersType": 0, "TrousersWaist": 0, "TrousersLength": 0, "TrousersModel": 0, "TrousersMaterial": 0, "TrousersPattern": 0, "SkirtType": 0, "SkirtWaist": 0, "SkirtLength": 0, "SkirtFold": 0, "SkirtMaterial": 0, "SkirtPattern": 0}], "rate": 1}