{"image_id": "female_child_124", "figure": {"gender": 0, "age": 1, "height": 3, "shape": 1, "skinColor": 1, "hair": 2}, "scene": {"season": 2, "sceneClass": "57", "event": 6, "color": [[153.28889988616538, 149.01116765498867, 159.067154605546], [130.87553327550808, 111.8159945900656, 118.15830527909652], [185.3292718514961, 188.30879654615845, 195.36523355515783], [89.90490551962398, 66.77838277971871, 70.0092842781473], [56.759035872447456, 21.73768297642306, 23.633341239705103]]}, "clothes": [{"clothType": 4, "UpperType": 16, "UpperLength": 2, "UpperModel": 3, "UpperCollar": 3, "UpperSleeveLength": 3, "UpperShouders": 1, "UpperSleeve": 0, "UpperCuff": 1, "UpperOpening": 2, "UpperMaterial": 5, "UpperPattern": 4, "TrousersType": 0, "TrousersWaist": 0, "TrousersLength": 0, "TrousersModel": 0, "TrousersMaterial": 0, "TrousersPattern": 0, "SkirtType": 4, "SkirtWaist": 1, "SkirtLength": 3, "SkirtFold": 1, "SkirtMaterial": 6, "SkirtPattern": 3}], "rate": 1}