{"image_id": "female_adult_059", "figure": {"gender": 0, "age": 2, "height": 2, "shape": 1, "skinColor": 2, "hair": 1}, "scene": {"season": 2, "sceneClass": "32", "event": 1, "color": [[148.32548611476892, 149.67909838224978, 148.81871475997042], [237.93761649117732, 230.18047568221112, 214.6572093097426], [32.2745044008325, 35.80957320926906, 35.925550710786254], [80.32170590108143, 80.33143081105666, 77.41390882590426], [186.65150754433046, 185.04286129534708, 180.45770684142698]]}, "clothes": [{"clothType": 4, "UpperType": 5, "UpperLength": 3, "UpperModel": 1, "UpperCollar": 5, "UpperSleeveLength": 4, "UpperShouders": 1, "UpperSleeve": 0, "UpperCuff": 1, "UpperOpening": 1, "UpperMaterial": 5, "UpperPattern": 3, "TrousersType": 0, "TrousersWaist": 0, "TrousersLength": 0, "TrousersModel": 0, "TrousersMaterial": 0, "TrousersPattern": 0, "SkirtType": 4, "SkirtWaist": 2, "SkirtLength": 1, "SkirtFold": 1, "SkirtMaterial": 6, "SkirtPattern": 1}], "rate": 1}