{"image_id": "female_elder_262", "figure": {"gender": 0, "age": 2, "height": 2, "shape": 1, "skinColor": 1, "hair": 3}, "scene": {"season": 2, "sceneClass": "6", "event": 5, "color": [[188.48529726752716, 168.59334934671148, 167.64903154738235], [156.65263752068225, 136.07738583115645, 128.44067704869872], [73.35887896067322, 62.65956105842726, 70.99939007654547], [117.61445970458529, 101.5885462555097, 100.6311065042758], [223.25930725939924, 200.49027997229808, 205.7619614039449]]}, "clothes": [{"clothType": 4, "UpperType": 16, "UpperLength": 4, "UpperModel": 3, "UpperCollar": 4, "UpperSleeveLength": 2, "UpperShouders": 1, "UpperSleeve": 0, "UpperCuff": 2, "UpperOpening": 1, "UpperMaterial": 1, "UpperPattern": 2, "TrousersType": 0, "TrousersWaist": 0, "TrousersLength": 0, "TrousersModel": 0, "TrousersMaterial": 0, "TrousersPattern": 0, "SkirtType": 7, "SkirtWaist": 2, "SkirtLength": 3, "SkirtFold": 1, "SkirtMaterial": 1, "SkirtPattern": 2}], "rate": 1}