{"image_id": "female_adult_063", "figure": {"gender": 0, "age": 2, "height": 3, "shape": 2, "skinColor": 1, "hair": 1}, "scene": {"season": 2, "sceneClass": "45", "event": 6, "color": [[198.23053247282022, 159.59788245372212, 109.25576415162156], [226.67351188496872, 227.7583325333894, 226.7971073353508], [178.12368000450135, 133.31095329540838, 73.79714643447036], [216.6938437641462, 191.61076890865323, 165.97654952793962], [139.62803600048758, 90.83512924837856, 34.16549541780165]]}, "clothes": [{"clothType": 4, "UpperType": 16, "UpperLength": 2, "UpperModel": 2, "UpperCollar": 9, "UpperSleeveLength": 1, "UpperShouders": 3, "UpperSleeve": 0, "UpperCuff": 3, "UpperOpening": 5, "UpperMaterial": 6, "UpperPattern": 2, "TrousersType": 0, "TrousersWaist": 0, "TrousersLength": 0, "TrousersModel": 0, "TrousersMaterial": 0, "TrousersPattern": 0, "SkirtType": 6, "SkirtWaist": 1, "SkirtLength": 5, "SkirtFold": 1, "SkirtMaterial": 7, "SkirtPattern": 2}], "rate": 1}