{"image_id": "female_child_131", "figure": {"gender": 0, "age": 1, "height": 1, "shape": 2, "skinColor": 1, "hair": 1}, "scene": {"season": 2, "sceneClass": "32", "event": 1, "color": [[223.6921296791368, 211.45442451567044, 202.29286884509526], [252.35649580429003, 252.36173288849824, 252.82242442622987], [179.71086398631178, 185.58345980849253, 145.50898203592982], [101.82368737192067, 146.04738181047176, 114.1139142110087], [35.55302295506442, 62.75614290333121, 54.37116068542119]]}, "clothes": [{"clothType": 4, "UpperType": 16, "UpperLength": 2, "UpperModel": 4, "UpperCollar": 5, "UpperSleeveLength": 3, "UpperShouders": 1, "UpperSleeve": 0, "UpperCuff": 2, "UpperOpening": 1, "UpperMaterial": 5, "UpperPattern": 4, "TrousersType": 0, "TrousersWaist": 0, "TrousersLength": 0, "TrousersModel": 0, "TrousersMaterial": 0, "TrousersPattern": 0, "SkirtType": 4, "SkirtWaist": 1, "SkirtLength": 3, "SkirtFold": 1, "SkirtMaterial": 6, "SkirtPattern": 2}], "rate": 1}