{"image_id": "female_adult_091", "figure": {"gender": 0, "age": 2, "height": 3, "shape": 1, "skinColor": 1, "hair": 2}, "scene": {"season": 2, "sceneClass": "25", "event": 6, "color": [[251.32610458744517, 250.44038515732723, 248.6381321434726], [39.213210959094425, 33.31521603147209, 52.17861407760131], [227.778622512633, 205.84345162365824, 185.5408231326973], [172.20850636099004, 157.73107187458356, 127.84479800183989], [93.41841923947965, 96.82071809006973, 78.99148047288452]]}, "clothes": [{"clothType": 4, "UpperType": 16, "UpperLength": 3, "UpperModel": 2, "UpperCollar": 5, "UpperSleeveLength": 1, "UpperShouders": 3, "UpperSleeve": 0, "UpperCuff": 3, "UpperOpening": 1, "UpperMaterial": 6, "UpperPattern": 2, "TrousersType": 0, "TrousersWaist": 0, "TrousersLength": 0, "TrousersModel": 0, "TrousersMaterial": 0, "TrousersPattern": 0, "SkirtType": 7, "SkirtWaist": 2, "SkirtLength": 5, "SkirtFold": 1, "SkirtMaterial": 7, "SkirtPattern": 2}], "rate": 1}