{"image_id": "fishing_261", "figure": {"gender": 1, "age": 1, "height": 1, "shape": 3, "skinColor": 1, "hair": 2}, "scene": {"season": 2, "sceneClass": "53", "event": 1, "color": [[179.07196070742947, 189.51251625151983, 171.5623129785176], [127.12018663520357, 171.97482033680166, 169.2060227394618], [87.2125395332927, 128.40648773399312, 136.0592785708189], [210.77090770983568, 224.7303456133669, 208.4082035700734], [31.317422236927115, 57.88509265387553, 90.68472865652058]]}, "clothes": [{"clothType": 2, "UpperType": 0, "UpperLength": 0, "UpperModel": 0, "UpperCollar": 0, "UpperSleeveLength": 0, "UpperShouders": 0, "UpperSleeve": 0, "UpperCuff": 0, "UpperOpening": 0, "UpperMaterial": 0, "UpperPattern": 0, "TrousersType": 2, "TrousersWaist": 2, "TrousersLength": 3, "TrousersModel": 2, "TrousersMaterial": 5, "TrousersPattern": 1, "SkirtType": 0, "SkirtWaist": 0, "SkirtLength": 0, "SkirtFold": 0, "SkirtMaterial": 0, "SkirtPattern": 0}], "rate": 1}