{"image_id": "fishing_284", "figure": {"gender": 1, "age": 1, "height": 2, "shape": 2, "skinColor": 1, "hair": 1}, "scene": {"season": 2, "sceneClass": "67", "event": 1, "color": [[138.0841385317761, 154.75581113996503, 164.92336231509972], [92.03056577167226, 115.17792556739239, 132.80839224803154], [59.42275542727767, 76.74606610940145, 83.92454948183286], [190.7311552994335, 200.73581161024993, 210.906034120858], [110.64026560194412, 120.41380956514335, 76.99739605937233]]}, "clothes": [{"clothType": 2, "UpperType": 5, "UpperLength": 3, "UpperModel": 3, "UpperCollar": 5, "UpperSleeveLength": 2, "UpperShouders": 1, "UpperSleeve": 0, "UpperCuff": 3, "UpperOpening": 1, "UpperMaterial": 5, "UpperPattern": 1, "TrousersType": 3, "TrousersWaist": 2, "TrousersLength": 4, "TrousersModel": 2, "TrousersMaterial": 5, "TrousersPattern": 2, "SkirtType": 0, "SkirtWaist": 0, "SkirtLength": 0, "SkirtFold": 0, "SkirtMaterial": 0, "SkirtPattern": 0}], "rate": 1}