{"image_id": "fishing_288", "figure": {"gender": 1, "age": 2, "height": 2, "shape": 3, "skinColor": 1, "hair": 1}, "scene": {"season": 1, "sceneClass": "67", "event": 1, "color": [[30.50201228553287, 32.60233001483212, 22.89603897479578], [103.29657845495873, 86.87307315334488, 33.12291722355854], [172.2426389904903, 131.63844184345203, 42.65659290416964], [202.64997880657484, 166.1190599538474, 99.60344746385485], [233.87231663685168, 209.41860465116807, 199.50782647584575]]}, "clothes": [{"clothType": 2, "UpperType": 5, "UpperLength": 3, "UpperModel": 3, "UpperCollar": 6, "UpperSleeveLength": 5, "UpperShouders": 1, "UpperSleeve": 0, "UpperCuff": 1, "UpperOpening": 2, "UpperMaterial": 5, "UpperPattern": 1, "TrousersType": 3, "TrousersWaist": 2, "TrousersLength": 4, "TrousersModel": 2, "TrousersMaterial": 5, "TrousersPattern": 1, "SkirtType": 0, "SkirtWaist": 0, "SkirtLength": 0, "SkirtFold": 0, "SkirtMaterial": 0, "SkirtPattern": 0}], "rate": 1}