{"image_id": "fishing_275", "figure": {"gender": 1, "age": 2, "height": 2, "shape": 2, "skinColor": 1, "hair": 2}, "scene": {"season": 2, "sceneClass": "53", "event": 1, "color": [[136.80864790487556, 148.02720805856993, 144.1623916091171], [76.15913667378481, 119.74082618131476, 134.3101992140926], [174.1005193099776, 175.80412463439313, 169.39792872918196], [223.36350772803553, 225.5606995138328, 221.8631811914938], [64.49269427640829, 42.5648208469065, 35.56993950674598]]}, "clothes": [{"clothType": 2, "UpperType": 0, "UpperLength": 0, "UpperModel": 0, "UpperCollar": 0, "UpperSleeveLength": 0, "UpperShouders": 0, "UpperSleeve": 0, "UpperCuff": 0, "UpperOpening": 0, "UpperMaterial": 0, "UpperPattern": 0, "TrousersType": 3, "TrousersWaist": 2, "TrousersLength": 2, "TrousersModel": 2, "TrousersMaterial": 5, "TrousersPattern": 1, "SkirtType": 0, "SkirtWaist": 0, "SkirtLength": 0, "SkirtFold": 0, "SkirtMaterial": 0, "SkirtPattern": 0}], "rate": 1}