{"image_id": "fishing_249", "figure": {"gender": 1, "age": 2, "height": 2, "shape": 2, "skinColor": 1, "hair": 1}, "scene": {"season": 2, "sceneClass": "53", "event": 1, "color": [[54.97606510291526, 91.77580979735023, 150.75240678687317], [134.15465856481518, 168.66963252314656, 206.59092881944048], [147.91331063688466, 143.1020509839746, 135.98347587810366], [94.52025093550543, 59.25412722870303, 53.630530486461055], [187.45939234589474, 199.5354951796665, 213.75138767163185]]}, "clothes": [{"clothType": 1, "UpperType": 11, "UpperLength": 3, "UpperModel": 3, "UpperCollar": 5, "UpperSleeveLength": 1, "UpperShouders": 3, "UpperSleeve": 0, "UpperCuff": 3, "UpperOpening": 1, "UpperMaterial": 5, "UpperPattern": 1, "TrousersType": 0, "TrousersWaist": 0, "TrousersLength": 0, "TrousersModel": 0, "TrousersMaterial": 0, "TrousersPattern": 0, "SkirtType": 0, "SkirtWaist": 0, "SkirtLength": 0, "SkirtFold": 0, "SkirtMaterial": 0, "SkirtPattern": 0}], "rate": 1}