{"image_id": "fixing_a_car_301", "figure": {"gender": 0, "age": 2, "height": 2, "shape": 2, "skinColor": 1, "hair": 2}, "scene": {"season": 2, "sceneClass": "77", "event": 1, "color": [[235.53290286703051, 236.33481627944417, 206.74145246334552], [195.7723186868416, 188.60358159789652, 151.48387862207645], [140.10040404363156, 132.2390245460494, 101.71121260999455], [75.04831712789962, 60.16398238177602, 49.751716114025285], [181.7624970216832, 60.45263283296843, 55.581105551589815]]}, "clothes": [{"clothType": 1, "UpperType": 5, "UpperLength": 3, "UpperModel": 3, "UpperCollar": 6, "UpperSleeveLength": 2, "UpperShouders": 1, "UpperSleeve": 0, "UpperCuff": 3, "UpperOpening": 2, "UpperMaterial": 5, "UpperPattern": 1, "TrousersType": 0, "TrousersWaist": 0, "TrousersLength": 0, "TrousersModel": 0, "TrousersMaterial": 0, "TrousersPattern": 0, "SkirtType": 0, "SkirtWaist": 0, "SkirtLength": 0, "SkirtFold": 0, "SkirtMaterial": 0, "SkirtPattern": 0}], "rate": 1}