{"image_id": "fixing_a_car_300", "figure": {"gender": 0, "age": 2, "height": 2, "shape": 2, "skinColor": 2, "hair": 1}, "scene": {"season": 2, "sceneClass": "55", "event": 1, "color": [[130.27622673434857, 131.64065143824027, 119.63039340101541], [20.339012560626415, 25.343116527793768, 26.756995398581353], [199.97897935925138, 207.39787260985054, 217.37368620995164], [169.25352303523053, 161.25203252032517, 160.39105691056938], [88.83324107389993, 96.95170218654862, 72.57237752560181]]}, "clothes": [{"clothType": 4, "UpperType": 5, "UpperLength": 3, "UpperModel": 3, "UpperCollar": 10, "UpperSleeveLength": 1, "UpperShouders": 3, "UpperSleeve": 0, "UpperCuff": 3, "UpperOpening": 1, "UpperMaterial": 5, "UpperPattern": 3, "TrousersType": 0, "TrousersWaist": 0, "TrousersLength": 0, "TrousersModel": 0, "TrousersMaterial": 0, "TrousersPattern": 0, "SkirtType": 2, "SkirtWaist": 2, "SkirtLength": 5, "SkirtFold": 2, "SkirtMaterial": 6, "SkirtPattern": 3}], "rate": 1}