{"image_id": "fixing_a_car_308", "figure": {"gender": 1, "age": 2, "height": 2, "shape": 2, "skinColor": 1, "hair": 1}, "scene": {"season": 1, "sceneClass": "77", "event": 1, "color": [[36.11079821821612, 31.305104705339048, 32.324407352412834], [43.73275862069163, 70.27805790501063, 125.44656798958951], [219.00131690339813, 216.02991251998748, 206.3345875270423], [114.3532737758687, 68.7390026009272, 66.71061856835838], [157.92746292677424, 149.33084262558998, 152.28083687780128]]}, "clothes": [{"clothType": 5, "UpperType": 2, "UpperLength": 3, "UpperModel": 3, "UpperCollar": 6, "UpperSleeveLength": 5, "UpperShouders": 1, "UpperSleeve": 0, "UpperCuff": 1, "UpperOpening": 2, "UpperMaterial": 5, "UpperPattern": 1, "TrousersType": 4, "TrousersWaist": 2, "TrousersLength": 4, "TrousersModel": 2, "TrousersMaterial": 5, "TrousersPattern": 1, "SkirtType": 0, "SkirtWaist": 0, "SkirtLength": 0, "SkirtFold": 0, "SkirtMaterial": 0, "SkirtPattern": 0}], "rate": 1}