{"image_id": "fixing_a_car_297", "figure": {"gender": 1, "age": 2, "height": 2, "shape": 2, "skinColor": 3, "hair": 1}, "scene": {"season": 1, "sceneClass": "77", "event": 1, "color": [[62.55494464485585, 64.98723721855859, 76.12183107351503], [86.59118058203045, 102.15281484305423, 142.56401702884318], [19.63509047479269, 15.596021072615216, 15.330388403515812], [177.58535889264283, 145.83779669885502, 126.90657850925095], [223.13903788846545, 221.34584929757906, 223.36475095784994]]}, "clothes": [{"clothType": 1, "UpperType": 5, "UpperLength": 3, "UpperModel": 3, "UpperCollar": 6, "UpperSleeveLength": 5, "UpperShouders": 1, "UpperSleeve": 0, "UpperCuff": 1, "UpperOpening": 2, "UpperMaterial": 5, "UpperPattern": 1, "TrousersType": 0, "TrousersWaist": 0, "TrousersLength": 0, "TrousersModel": 0, "TrousersMaterial": 0, "TrousersPattern": 0, "SkirtType": 0, "SkirtWaist": 0, "SkirtLength": 0, "SkirtFold": 0, "SkirtMaterial": 0, "SkirtPattern": 0}], "rate": 1}