{"image_id": "gardening_335", "figure": {"gender": 0, "age": 2, "height": 2, "shape": 2, "skinColor": 1, "hair": 2}, "scene": {"season": 3, "sceneClass": "74", "event": 1, "color": [[4.757385326071784, 5.468680249689214, 1.8114608323839647], [169.65400392070626, 8.666194422012545, 5.724815906950241], [48.10708474668841, 101.58303227525724, 11.84744859030955], [136.90958243610208, 134.99159722871593, 73.8003815185838], [216.15787297229872, 206.82864983740023, 184.03031897894047]]}, "clothes": [{"clothType": 1, "UpperType": 8, "UpperLength": 5, "UpperModel": 3, "UpperCollar": 1, "UpperSleeveLength": 4, "UpperShouders": 1, "UpperSleeve": 0, "UpperCuff": 1, "UpperOpening": 4, "UpperMaterial": 4, "UpperPattern": 1, "TrousersType": 0, "TrousersWaist": 0, "TrousersLength": 0, "TrousersModel": 0, "TrousersMaterial": 0, "TrousersPattern": 0, "SkirtType": 0, "SkirtWaist": 0, "SkirtLength": 0, "SkirtFold": 0, "SkirtMaterial": 0, "SkirtPattern": 0}], "rate": 1}