{"image_id": "gardening_321", "figure": {"gender": 0, "age": 2, "height": 2, "shape": 2, "skinColor": 1, "hair": 3}, "scene": {"season": 1, "sceneClass": "25", "event": 1, "color": [[35.42450624748223, 47.3139862958498, 22.580411124547695], [139.22045478808593, 146.46653144016204, 98.70865805487358], [183.53008167491032, 185.19717013689223, 153.57862648107573], [87.55231629392989, 100.8254792332269, 51.62752928647506], [224.3710429053512, 223.35786598103869, 215.0229792704481]]}, "clothes": [{"clothType": 1, "UpperType": 5, "UpperLength": 3, "UpperModel": 3, "UpperCollar": 6, "UpperSleeveLength": 3, "UpperShouders": 1, "UpperSleeve": 0, "UpperCuff": 1, "UpperOpening": 2, "UpperMaterial": 5, "UpperPattern": 3, "TrousersType": 0, "TrousersWaist": 0, "TrousersLength": 0, "TrousersModel": 0, "TrousersMaterial": 0, "TrousersPattern": 0, "SkirtType": 0, "SkirtWaist": 0, "SkirtLength": 0, "SkirtFold": 0, "SkirtMaterial": 0, "SkirtPattern": 0}], "rate": 1}