{"image_id": "gardening_346", "figure": {"gender": 0, "age": 2, "height": 2, "shape": 2, "skinColor": 1, "hair": 1}, "scene": {"season": 2, "sceneClass": "69", "event": 1, "color": [[142.83738207954664, 128.59010332077838, 102.02042226752802], [176.65768615474113, 173.8103548574735, 136.75919866201411], [104.43088592983469, 81.55629302881493, 65.3249783567637], [39.139257929383604, 31.31262716935767, 24.679533213646906], [218.38423040604343, 213.54627006609866, 197.60434372049298]]}, "clothes": [{"clothType": 2, "UpperType": 5, "UpperLength": 3, "UpperModel": 3, "UpperCollar": 5, "UpperSleeveLength": 5, "UpperShouders": 1, "UpperSleeve": 0, "UpperCuff": 1, "UpperOpening": 1, "UpperMaterial": 5, "UpperPattern": 1, "TrousersType": 2, "TrousersWaist": 2, "TrousersLength": 4, "TrousersModel": 2, "TrousersMaterial": 5, "TrousersPattern": 1, "SkirtType": 0, "SkirtWaist": 0, "SkirtLength": 0, "SkirtFold": 0, "SkirtMaterial": 0, "SkirtPattern": 0}], "rate": 1}