{"image_id": "gardening_327", "figure": {"gender": 1, "age": 2, "height": 2, "shape": 2, "skinColor": 1, "hair": 3}, "scene": {"season": 1, "sceneClass": "25", "event": 1, "color": [[31.1642336595025, 29.20094444570553, 25.338683678793195], [116.96077193914779, 125.85680595230176, 96.08632830664993], [162.33870033112785, 168.53650662251727, 149.8793460264868], [80.19546497035742, 76.60180016443822, 56.76848846769592], [193.20947947524502, 205.47348003949816, 204.486881083365]]}, "clothes": [{"clothType": 1, "UpperType": 5, "UpperLength": 3, "UpperModel": 3, "UpperCollar": 6, "UpperSleeveLength": 5, "UpperShouders": 1, "UpperSleeve": 0, "UpperCuff": 1, "UpperOpening": 2, "UpperMaterial": 5, "UpperPattern": 3, "TrousersType": 0, "TrousersWaist": 0, "TrousersLength": 0, "TrousersModel": 0, "TrousersMaterial": 0, "TrousersPattern": 0, "SkirtType": 0, "SkirtWaist": 0, "SkirtLength": 0, "SkirtFold": 0, "SkirtMaterial": 0, "SkirtPattern": 0}], "rate": 1}