{"image_id": "gardening_329", "figure": {"gender": 1, "age": 2, "height": 2, "shape": 2, "skinColor": 1, "hair": 2}, "scene": {"season": 2, "sceneClass": "56", "event": 1, "color": [[87.35638194092212, 86.22745541811331, 79.80645413041118], [130.08701738541413, 124.92363964777593, 120.75646872883274], [46.20742051308625, 47.891606390176534, 39.28188583025522], [174.4672164119065, 170.30303030303014, 169.64192813086643], [233.87251071938866, 230.03773225345722, 231.48985231062244]]}, "clothes": [{"clothType": 2, "UpperType": 0, "UpperLength": 0, "UpperModel": 0, "UpperCollar": 0, "UpperSleeveLength": 0, "UpperShouders": 0, "UpperSleeve": 0, "UpperCuff": 0, "UpperOpening": 0, "UpperMaterial": 0, "UpperPattern": 0, "TrousersType": 2, "TrousersWaist": 2, "TrousersLength": 4, "TrousersModel": 2, "TrousersMaterial": 5, "TrousersPattern": 1, "SkirtType": 0, "SkirtWaist": 0, "SkirtLength": 0, "SkirtFold": 0, "SkirtMaterial": 0, "SkirtPattern": 0}], "rate": 1}