{"image_id": "holding_an_umbrella_420", "figure": {"gender": 1, "age": 2, "height": 2, "shape": 2, "skinColor": 1, "hair": 3}, "scene": {"season": 3, "sceneClass": "73", "event": 6, "color": [[12.019127727112128, 3.552864104172478, 2.101562973897316], [55.945104630243854, 22.05172332165441, 12.923089669538536], [103.89928321250926, 60.87965300969253, 42.111998045124956], [163.83639961884836, 106.73664150113729, 82.93461848567156], [228.2838102704789, 180.6450411603304, 161.13680909447115]]}, "clothes": [{"clothType": 1, "UpperType": 1, "UpperLength": 3, "UpperModel": 3, "UpperCollar": 6, "UpperSleeveLength": 5, "UpperShouders": 1, "UpperSleeve": 0, "UpperCuff": 1, "UpperOpening": 2, "UpperMaterial": 5, "UpperPattern": 1, "TrousersType": 0, "TrousersWaist": 0, "TrousersLength": 0, "TrousersModel": 0, "TrousersMaterial": 0, "TrousersPattern": 0, "SkirtType": 0, "SkirtWaist": 0, "SkirtLength": 0, "SkirtFold": 0, "SkirtMaterial": 0, "SkirtPattern": 0}], "rate": 1}