{"image_id": "holding_an_umbrella_410", "figure": {"gender": 0, "age": 2, "height": 1, "shape": 2, "skinColor": 2, "hair": 1}, "scene": {"season": 2, "sceneClass": "32", "event": 1, "color": [[139.47037499399949, 150.71966677870049, 149.54393335574017], [164.57512799339543, 173.33810074318697, 173.03910817506195], [110.1391391021862, 117.86314973419962, 118.30131423508567], [76.60412622705402, 78.49969496977371, 81.7253618767678], [31.16197856869418, 29.03635667814727, 29.798698813624185]]}, "clothes": [{"clothType": 4, "UpperType": 16, "UpperLength": 3, "UpperModel": 2, "UpperCollar": 10, "UpperSleeveLength": 2, "UpperShouders": 1, "UpperSleeve": 0, "UpperCuff": 1, "UpperOpening": 1, "UpperMaterial": 5, "UpperPattern": 3, "TrousersType": 0, "TrousersWaist": 0, "TrousersLength": 0, "TrousersModel": 0, "TrousersMaterial": 0, "TrousersPattern": 0, "SkirtType": 7, "SkirtWaist": 2, "SkirtLength": 1, "SkirtFold": 1, "SkirtMaterial": 6, "SkirtPattern": 3}], "rate": 1}