{"image_id": "holding_an_umbrella_422", "figure": {"gender": 0, "age": 2, "height": 1, "shape": 2, "skinColor": 2, "hair": 1}, "scene": {"season": 1, "sceneClass": "32", "event": 1, "color": [[76.70654269191495, 84.72666969044141, 121.1738292323385], [99.42548557554974, 111.05819765781072, 156.09222365038846], [13.213644107168058, 21.456171596714164, 34.62792318414688], [47.58125334284114, 56.0628899982178, 82.37970226421726], [192.880974917177, 183.7756743965915, 205.1450544249911]]}, "clothes": [{"clothType": 1, "UpperType": 16, "UpperLength": 5, "UpperModel": 4, "UpperCollar": 9, "UpperSleeveLength": 5, "UpperShouders": 1, "UpperSleeve": 0, "UpperCuff": 2, "UpperOpening": 4, "UpperMaterial": 5, "UpperPattern": 2, "TrousersType": 0, "TrousersWaist": 0, "TrousersLength": 0, "TrousersModel": 0, "TrousersMaterial": 0, "TrousersPattern": 0, "SkirtType": 0, "SkirtWaist": 0, "SkirtLength": 0, "SkirtFold": 0, "SkirtMaterial": 0, "SkirtPattern": 0}], "rate": 1}