{"image_id": "holding_an_umbrella_368", "figure": {"gender": 0, "age": 2, "height": 2, "shape": 2, "skinColor": 1, "hair": 2}, "scene": {"season": 2, "sceneClass": "36", "event": 1, "color": [[170.32884827332862, 183.2808137398971, 185.19650073475387], [230.43496542702516, 227.52261259577608, 232.1030181274507], [97.44397624976271, 130.62401838728204, 139.31018961884683], [34.873004976833954, 46.83645100394844, 40.836279389049764], [188.7495099960799, 146.31830654645262, 69.45550764406154]]}, "clothes": [{"clothType": 4, "UpperType": 5, "UpperLength": 3, "UpperModel": 3, "UpperCollar": 10, "UpperSleeveLength": 1, "UpperShouders": 3, "UpperSleeve": 0, "UpperCuff": 3, "UpperOpening": 1, "UpperMaterial": 5, "UpperPattern": 1, "TrousersType": 0, "TrousersWaist": 0, "TrousersLength": 0, "TrousersModel": 0, "TrousersMaterial": 0, "TrousersPattern": 0, "SkirtType": 4, "SkirtWaist": 2, "SkirtLength": 3, "SkirtFold": 2, "SkirtMaterial": 6, "SkirtPattern": 1}], "rate": 1}