{"image_id": "holding_an_umbrella_370", "figure": {"gender": 0, "age": 2, "height": 2, "shape": 2, "skinColor": 2, "hair": 1}, "scene": {"season": 2, "sceneClass": "53", "event": 6, "color": [[157.27882678472594, 188.14767017155546, 221.04905368013067], [199.8588346755085, 222.4210326859281, 246.46480341070264], [107.46109677419321, 134.23438709677094, 165.15806451612667], [151.73859287606805, 131.04614365616618, 108.62901089196346], [86.63961280714837, 35.03034251674998, 48.336559940428]]}, "clothes": [{"clothType": 4, "UpperType": 5, "UpperLength": 3, "UpperModel": 3, "UpperCollar": 9, "UpperSleeveLength": 1, "UpperShouders": 3, "UpperSleeve": 0, "UpperCuff": 3, "UpperOpening": 1, "UpperMaterial": 5, "UpperPattern": 1, "TrousersType": 0, "TrousersWaist": 0, "TrousersLength": 0, "TrousersModel": 0, "TrousersMaterial": 0, "TrousersPattern": 0, "SkirtType": 1, "SkirtWaist": 2, "SkirtLength": 5, "SkirtFold": 1, "SkirtMaterial": 6, "SkirtPattern": 1}], "rate": 1}