{"image_id": "holding_an_umbrella_367", "figure": {"gender": 0, "age": 1, "height": 2, "shape": 1, "skinColor": 2, "hair": 1}, "scene": {"season": 2, "sceneClass": "69", "event": 1, "color": [[249.27225219722817, 250.28311106586756, 249.72257287319258], [102.70275536401608, 122.01212635246793, 64.58188153309347], [147.747677317018, 162.93536143213257, 103.47116474053723], [165.30588663451735, 190.15433839808256, 200.3306038273688], [53.66002537635434, 68.58177017249392, 29.4491272590017]]}, "clothes": [{"clothType": 5, "UpperType": 5, "UpperLength": 3, "UpperModel": 4, "UpperCollar": 6, "UpperSleeveLength": 2, "UpperShouders": 1, "UpperSleeve": 0, "UpperCuff": 3, "UpperOpening": 2, "UpperMaterial": 5, "UpperPattern": 3, "TrousersType": 3, "TrousersWaist": 2, "TrousersLength": 2, "TrousersModel": 3, "TrousersMaterial": 5, "TrousersPattern": 1, "SkirtType": 0, "SkirtWaist": 0, "SkirtLength": 0, "SkirtFold": 0, "SkirtMaterial": 0, "SkirtPattern": 0}], "rate": 1}