{"image_id": "holding_an_umbrella_378", "figure": {"gender": 0, "age": 2, "height": 1, "shape": 3, "skinColor": 1, "hair": 2}, "scene": {"season": 3, "sceneClass": "32", "event": 3, "color": [[179.18013237309702, 175.35934629851312, 176.25372481557767], [142.34093589027447, 136.64404518090905, 132.90504561534175], [102.13100290373183, 95.52395577395632, 91.17612240339321], [28.18888258650172, 24.57307619588188, 23.550954811871392], [249.1274763135275, 247.98260120586153, 248.30663221360447]]}, "clothes": [{"clothType": 4, "UpperType": 5, "UpperLength": 3, "UpperModel": 3, "UpperCollar": 6, "UpperSleeveLength": 5, "UpperShouders": 1, "UpperSleeve": 0, "UpperCuff": 1, "UpperOpening": 2, "UpperMaterial": 5, "UpperPattern": 3, "TrousersType": 0, "TrousersWaist": 0, "TrousersLength": 0, "TrousersModel": 0, "TrousersMaterial": 0, "TrousersPattern": 0, "SkirtType": 5, "SkirtWaist": 2, "SkirtLength": 2, "SkirtFold": 2, "SkirtMaterial": 6, "SkirtPattern": 3}], "rate": 1}