{"image_id": "holding_an_umbrella_372", "figure": {"gender": 0, "age": 1, "height": 1, "shape": 2, "skinColor": 2, "hair": 1}, "scene": {"season": 2, "sceneClass": "58", "event": 1, "color": [[213.83062167204687, 213.85363855642095, 220.694511445871], [156.71421073153175, 63.44869679973276, 44.90687141957892], [58.99779478531016, 48.29433130108252, 40.674925411861096], [178.01068830938482, 173.92846372183743, 166.09340074507838], [112.51853793723365, 107.78825556138156, 107.43959253988409]]}, "clothes": [{"clothType": 4, "UpperType": 5, "UpperLength": 3, "UpperModel": 3, "UpperCollar": 5, "UpperSleeveLength": 2, "UpperShouders": 1, "UpperSleeve": 0, "UpperCuff": 3, "UpperOpening": 1, "UpperMaterial": 5, "UpperPattern": 3, "TrousersType": 0, "TrousersWaist": 0, "TrousersLength": 0, "TrousersModel": 0, "TrousersMaterial": 0, "TrousersPattern": 0, "SkirtType": 5, "SkirtWaist": 2, "SkirtLength": 2, "SkirtFold": 2, "SkirtMaterial": 6, "SkirtPattern": 3}], "rate": 1}