{"image_id": "holding_an_umbrella_380", "figure": {"gender": 0, "age": 1, "height": 1, "shape": 2, "skinColor": 1, "hair": 2}, "scene": {"season": 3, "sceneClass": "32", "event": 1, "color": [[225.00998692811243, 229.82420915032952, 228.91416993464082], [61.25361502903914, 77.78523171743545, 83.1386156216668], [31.997373347019874, 40.904051687697844, 39.46534025722825], [120.42583900492878, 195.88506219197444, 225.98480403660892], [136.37964372716183, 139.48035931790525, 125.30191839220487]]}, "clothes": [{"clothType": 4, "UpperType": 5, "UpperLength": 3, "UpperModel": 3, "UpperCollar": 5, "UpperSleeveLength": 5, "UpperShouders": 1, "UpperSleeve": 0, "UpperCuff": 1, "UpperOpening": 2, "UpperMaterial": 5, "UpperPattern": 3, "TrousersType": 0, "TrousersWaist": 0, "TrousersLength": 0, "TrousersModel": 0, "TrousersMaterial": 0, "TrousersPattern": 0, "SkirtType": 4, "SkirtWaist": 2, "SkirtLength": 2, "SkirtFold": 1, "SkirtMaterial": 6, "SkirtPattern": 3}], "rate": 1}