{"image_id": "holding_an_umbrella_417", "figure": {"gender": 0, "age": 2, "height": 2, "shape": 2, "skinColor": 1, "hair": 2}, "scene": {"season": 2, "sceneClass": "46", "event": 1, "color": [[122.48647828724721, 120.31039264973565, 118.64479500736765], [181.29774382660824, 174.58107567951456, 161.33356279979063], [85.15882726380461, 90.20263173082638, 76.64667859410369], [198.72226364449517, 83.02475395168675, 111.10490605427978], [174.09236977804267, 32.653015469696925, 48.498243778493205]]}, "clothes": [{"clothType": 4, "UpperType": 16, "UpperLength": 3, "UpperModel": 2, "UpperCollar": 4, "UpperSleeveLength": 1, "UpperShouders": 3, "UpperSleeve": 0, "UpperCuff": 1, "UpperOpening": 1, "UpperMaterial": 5, "UpperPattern": 1, "TrousersType": 0, "TrousersWaist": 0, "TrousersLength": 0, "TrousersModel": 0, "TrousersMaterial": 0, "TrousersPattern": 0, "SkirtType": 4, "SkirtWaist": 2, "SkirtLength": 2, "SkirtFold": 1, "SkirtMaterial": 6, "SkirtPattern": 1}], "rate": 1}