{"image_id": "holding_an_umbrella_364", "figure": {"gender": 0, "age": 2, "height": 2, "shape": 2, "skinColor": 1, "hair": 2}, "scene": {"season": 2, "sceneClass": "46", "event": 1, "color": [[82.35376389118815, 87.60465750489766, 52.70822903782549], [118.5122660985686, 128.53321839585266, 100.66132610032494], [164.78483777592402, 175.01161407185023, 151.70020067127706], [35.74781187501213, 34.444033461652666, 19.39237865853049], [225.58223052149225, 232.1600768585501, 225.00359936131304]]}, "clothes": [{"clothType": 5, "UpperType": 5, "UpperLength": 3, "UpperModel": 3, "UpperCollar": 5, "UpperSleeveLength": 2, "UpperShouders": 1, "UpperSleeve": 0, "UpperCuff": 3, "UpperOpening": 1, "UpperMaterial": 5, "UpperPattern": 1, "TrousersType": 3, "TrousersWaist": 2, "TrousersLength": 1, "TrousersModel": 3, "TrousersMaterial": 5, "TrousersPattern": 1, "SkirtType": 0, "SkirtWaist": 0, "SkirtLength": 0, "SkirtFold": 0, "SkirtMaterial": 0, "SkirtPattern": 0}], "rate": 1}