{"image_id": "holding_an_umbrella_418", "figure": {"gender": 0, "age": 1, "height": 1, "shape": 2, "skinColor": 1, "hair": 2}, "scene": {"season": 2, "sceneClass": "53", "event": 6, "color": [[59.69240434379367, 64.38307356328865, 61.65698387531315], [141.24735964424707, 140.0493131104592, 139.60736123243262], [103.6177783237111, 100.46513532326088, 98.24767637063427], [182.54989240960583, 182.79857389983616, 183.30483945824875], [22.38159632108585, 23.077175249284707, 21.35996903884009]]}, "clothes": [{"clothType": 4, "UpperType": 16, "UpperLength": 3, "UpperModel": 4, "UpperCollar": 5, "UpperSleeveLength": 1, "UpperShouders": 3, "UpperSleeve": 0, "UpperCuff": 1, "UpperOpening": 1, "UpperMaterial": 5, "UpperPattern": 2, "TrousersType": 0, "TrousersWaist": 0, "TrousersLength": 0, "TrousersModel": 0, "TrousersMaterial": 0, "TrousersPattern": 0, "SkirtType": 4, "SkirtWaist": 2, "SkirtLength": 2, "SkirtFold": 2, "SkirtMaterial": 6, "SkirtPattern": 2}], "rate": 1}