{"image_id": "holding_an_umbrella_431", "figure": {"gender": 1, "age": 2, "height": 1, "shape": 2, "skinColor": 2, "hair": 1}, "scene": {"season": 1, "sceneClass": "32", "event": 1, "color": [[93.50181467801444, 94.70602216155149, 84.20815802152103], [212.21087995864525, 214.42731619072055, 216.15250678382424], [167.79233048057986, 179.43666886109122, 185.0807768268611], [125.96543066118439, 136.84283686911002, 137.40551653869952], [45.75612457648991, 46.510359655978036, 45.86043784206589]]}, "clothes": [{"clothType": 1, "UpperType": 16, "UpperLength": 5, "UpperModel": 4, "UpperCollar": 4, "UpperSleeveLength": 5, "UpperShouders": 1, "UpperSleeve": 0, "UpperCuff": 2, "UpperOpening": 2, "UpperMaterial": 5, "UpperPattern": 2, "TrousersType": 0, "TrousersWaist": 0, "TrousersLength": 0, "TrousersModel": 0, "TrousersMaterial": 0, "TrousersPattern": 0, "SkirtType": 0, "SkirtWaist": 0, "SkirtLength": 0, "SkirtFold": 0, "SkirtMaterial": 0, "SkirtPattern": 0}], "rate": 1}