{"image_id": "holding_an_umbrella_375", "figure": {"gender": 0, "age": 2, "height": 1, "shape": 3, "skinColor": 1, "hair": 1}, "scene": {"season": 1, "sceneClass": "32", "event": 3, "color": [[137.07867036011191, 124.43184137629362, 90.21352966904799], [25.527725987852676, 31.197209358272346, 15.641035664880832], [82.30561511450988, 78.71386843168295, 48.51033218358758], [179.25420923193485, 169.80278093076015, 149.58451570185454], [229.8420213503412, 224.13891584638813, 214.76098710660932]]}, "clothes": [{"clothType": 1, "UpperType": 8, "UpperLength": 5, "UpperModel": 3, "UpperCollar": 7, "UpperSleeveLength": 5, "UpperShouders": 1, "UpperSleeve": 0, "UpperCuff": 3, "UpperOpening": 2, "UpperMaterial": 5, "UpperPattern": 1, "TrousersType": 0, "TrousersWaist": 0, "TrousersLength": 0, "TrousersModel": 0, "TrousersMaterial": 0, "TrousersPattern": 0, "SkirtType": 0, "SkirtWaist": 0, "SkirtLength": 0, "SkirtFold": 0, "SkirtMaterial": 0, "SkirtPattern": 0}], "rate": 1}