{"image_id": "holding_an_umbrella_360", "figure": {"gender": 0, "age": 2, "height": 2, "shape": 2, "skinColor": 1, "hair": 2}, "scene": {"season": 2, "sceneClass": "32", "event": 1, "color": [[60.771076771867214, 58.65725674347628, 62.77203232499615], [97.98415271528026, 93.73302775371052, 96.34022750775596], [18.73451901413337, 18.183552945991536, 20.878200314057835], [140.12862165110806, 137.84573887744128, 140.4150806158313], [233.2911673676704, 226.6638362034725, 227.62629950004109]]}, "clothes": [{"clothType": 1, "UpperType": 8, "UpperLength": 4, "UpperModel": 3, "UpperCollar": 6, "UpperSleeveLength": 5, "UpperShouders": 1, "UpperSleeve": 0, "UpperCuff": 3, "UpperOpening": 2, "UpperMaterial": 5, "UpperPattern": 1, "TrousersType": 0, "TrousersWaist": 0, "TrousersLength": 0, "TrousersModel": 0, "TrousersMaterial": 0, "TrousersPattern": 0, "SkirtType": 0, "SkirtWaist": 0, "SkirtLength": 0, "SkirtFold": 0, "SkirtMaterial": 0, "SkirtPattern": 0}], "rate": 1}