{"image_id": "jumping_461", "figure": {"gender": 0, "age": 1, "height": 1, "shape": 1, "skinColor": 1, "hair": 2}, "scene": {"season": 2, "sceneClass": "45", "event": 2, "color": [[191.13445771266578, 181.34529114859183, 166.19317985965506], [32.67383549427518, 26.819441586056413, 10.680695616380277], [139.7729061884981, 139.57987098184995, 135.53181718784185], [234.9354662788566, 235.8211840271474, 230.25237835544743], [92.67899714951977, 78.94104690334397, 60.730240995076905]]}, "clothes": [{"clothType": 2, "UpperType": 16, "UpperLength": 3, "UpperModel": 2, "UpperCollar": 5, "UpperSleeveLength": 2, "UpperShouders": 1, "UpperSleeve": 0, "UpperCuff": 1, "UpperOpening": 1, "UpperMaterial": 5, "UpperPattern": 3, "TrousersType": 2, "TrousersWaist": 2, "TrousersLength": 4, "TrousersModel": 2, "TrousersMaterial": 6, "TrousersPattern": 1, "SkirtType": 0, "SkirtWaist": 0, "SkirtLength": 0, "SkirtFold": 0, "SkirtMaterial": 0, "SkirtPattern": 0}], "rate": 1}