{"image_id": "jumping_454", "figure": {"gender": 0, "age": 2, "height": 2, "shape": 2, "skinColor": 1, "hair": 2}, "scene": {"season": 2, "sceneClass": "53", "event": 4, "color": [[234.30006345177588, 224.3530139593921, 197.98610406091433], [247.8324795306292, 250.68987258636312, 245.350015324668], [183.9906023067059, 187.02292467606517, 163.73558308415227], [97.50170713201975, 109.52503793626356, 66.8706373292921], [42.494720633522775, 57.080070391553136, 24.81896172459855]]}, "clothes": [{"clothType": 2, "UpperType": 16, "UpperLength": 1, "UpperModel": 1, "UpperCollar": 11, "UpperSleeveLength": 7, "UpperShouders": 4, "UpperSleeve": 0, "UpperCuff": 3, "UpperOpening": 5, "UpperMaterial": 6, "UpperPattern": 4, "TrousersType": 10, "TrousersWaist": 3, "TrousersLength": 1, "TrousersModel": 1, "TrousersMaterial": 6, "TrousersPattern": 4, "SkirtType": 0, "SkirtWaist": 0, "SkirtLength": 0, "SkirtFold": 0, "SkirtMaterial": 0, "SkirtPattern": 0}], "rate": 1}