{"image_id": "jumping_452", "figure": {"gender": 0, "age": 1, "height": 1, "shape": 1, "skinColor": 1, "hair": 2}, "scene": {"season": 2, "sceneClass": "74", "event": 2, "color": [[148.72901751056673, 172.71889646050874, 214.31774921648383], [182.84615095191748, 187.77692076153366, 215.1454586500116], [136.39112262318372, 132.11761935597679, 60.197327367990795], [93.5220840480278, 71.08447684391216, 26.856775300171535], [202.3045181144212, 193.3263393481611, 117.43278780248929]]}, "clothes": [{"clothType": 4, "UpperType": 16, "UpperLength": 3, "UpperModel": 4, "UpperCollar": 9, "UpperSleeveLength": 6, "UpperShouders": 3, "UpperSleeve": 0, "UpperCuff": 3, "UpperOpening": 1, "UpperMaterial": 5, "UpperPattern": 2, "TrousersType": 0, "TrousersWaist": 0, "TrousersLength": 0, "TrousersModel": 0, "TrousersMaterial": 0, "TrousersPattern": 0, "SkirtType": 1, "SkirtWaist": 2, "SkirtLength": 2, "SkirtFold": 2, "SkirtMaterial": 6, "SkirtPattern": 2}], "rate": 1}