{"image_id": "jumping_465", "figure": {"gender": 1, "age": 2, "height": 2, "shape": 3, "skinColor": 2, "hair": 1}, "scene": {"season": 2, "sceneClass": "72", "event": 2, "color": [[89.90605800214972, 90.22425349087007, 40.015102040812934], [46.581767159251584, 50.814916842585745, 28.899850677099302], [211.45094815944105, 211.54955087182452, 211.82213937651107], [164.0739946777067, 162.21917504435146, 161.19788586635224], [143.62964563526342, 23.089887640447344, 8.260155574763829]]}, "clothes": [{"clothType": 2, "UpperType": 0, "UpperLength": 0, "UpperModel": 0, "UpperCollar": 0, "UpperSleeveLength": 0, "UpperShouders": 0, "UpperSleeve": 0, "UpperCuff": 0, "UpperOpening": 0, "UpperMaterial": 0, "UpperPattern": 0, "TrousersType": 5, "TrousersWaist": 3, "TrousersLength": 2, "TrousersModel": 3, "TrousersMaterial": 5, "TrousersPattern": 1, "SkirtType": 0, "SkirtWaist": 0, "SkirtLength": 0, "SkirtFold": 0, "SkirtMaterial": 0, "SkirtPattern": 0}], "rate": 1}