{"image_id": "looking_through_a_microscope_490", "figure": {"gender": 0, "age": 2, "height": 2, "shape": 2, "skinColor": 2, "hair": 1}, "scene": {"season": 5, "sceneClass": "37", "event": 1, "color": [[213.92872172540876, 201.88387690689117, 183.8218700683858], [240.40523841504609, 235.21316319677692, 226.91605104096794], [19.11045210385302, 12.23880931065554, 9.73377350044845], [167.67404271695204, 128.5957283047911, 85.04329420819758], [92.97146984470923, 66.96749729144076, 45.43048031780485]]}, "clothes": [{"clothType": 1, "UpperType": 16, "UpperLength": 5, "UpperModel": 4, "UpperCollar": 6, "UpperSleeveLength": 5, "UpperShouders": 1, "UpperSleeve": 0, "UpperCuff": 1, "UpperOpening": 2, "UpperMaterial": 5, "UpperPattern": 1, "TrousersType": 0, "TrousersWaist": 0, "TrousersLength": 0, "TrousersModel": 0, "TrousersMaterial": 0, "TrousersPattern": 0, "SkirtType": 0, "SkirtWaist": 0, "SkirtLength": 0, "SkirtFold": 0, "SkirtMaterial": 0, "SkirtPattern": 0}], "rate": 1}