{"image_id": "looking_through_a_microscope_489", "figure": {"gender": 0, "age": 2, "height": 2, "shape": 2, "skinColor": 1, "hair": 2}, "scene": {"season": 3, "sceneClass": "37", "event": 1, "color": [[15.835792530019347, 14.725511416131056, 12.519704368487467], [194.133709248812, 193.352906863702, 190.78537170264332], [110.39475555555568, 66.67902222222286, 36.55008888888812], [153.58506431753437, 140.0710245758037, 129.2541668752183], [72.08746419916176, 94.13461114782984, 113.2202026878164]]}, "clothes": [{"clothType": 1, "UpperType": 6, "UpperLength": 4, "UpperModel": 3, "UpperCollar": 7, "UpperSleeveLength": 5, "UpperShouders": 1, "UpperSleeve": 0, "UpperCuff": 1, "UpperOpening": 1, "UpperMaterial": 1, "UpperPattern": 1, "TrousersType": 0, "TrousersWaist": 0, "TrousersLength": 0, "TrousersModel": 0, "TrousersMaterial": 0, "TrousersPattern": 0, "SkirtType": 0, "SkirtWaist": 0, "SkirtLength": 0, "SkirtFold": 0, "SkirtMaterial": 0, "SkirtPattern": 0}], "rate": 1}