{"image_id": "looking_through_a_microscope_487", "figure": {"gender": 1, "age": 1, "height": 1, "shape": 1, "skinColor": 1, "hair": 2}, "scene": {"season": 2, "sceneClass": "37", "event": 1, "color": [[179.08106518976484, 184.83931111658984, 194.19883162945834], [157.51151116496453, 160.45548439212948, 168.30332929432814], [130.65420751633803, 113.5614787581688, 116.56815087146097], [225.46942940114607, 228.46840907306924, 235.87842398556018], [49.56968368305479, 35.5977137488247, 31.36360789226373]]}, "clothes": [{"clothType": 1, "UpperType": 5, "UpperLength": 3, "UpperModel": 4, "UpperCollar": 6, "UpperSleeveLength": 5, "UpperShouders": 1, "UpperSleeve": 0, "UpperCuff": 2, "UpperOpening": 2, "UpperMaterial": 5, "UpperPattern": 1, "TrousersType": 0, "TrousersWaist": 0, "TrousersLength": 0, "TrousersModel": 0, "TrousersMaterial": 0, "TrousersPattern": 0, "SkirtType": 0, "SkirtWaist": 0, "SkirtLength": 0, "SkirtFold": 0, "SkirtMaterial": 0, "SkirtPattern": 0}], "rate": 1}