{"image_id": "looking_through_a_microscope_483", "figure": {"gender": 0, "age": 2, "height": 2, "shape": 2, "skinColor": 1, "hair": 2}, "scene": {"season": 5, "sceneClass": "37", "event": 1, "color": [[36.26544801697254, 29.275403949727206, 20.07112779500909], [94.65733554749642, 148.42847459924445, 189.63971261056844], [83.59672657972355, 88.20922237584494, 75.35996412690159], [151.91269134923323, 139.51900142399353, 115.1905482378072], [210.2472082717858, 201.91527326439882, 191.8072673559832]]}, "clothes": [{"clothType": 1, "UpperType": 16, "UpperLength": 5, "UpperModel": 4, "UpperCollar": 6, "UpperSleeveLength": 5, "UpperShouders": 1, "UpperSleeve": 0, "UpperCuff": 1, "UpperOpening": 2, "UpperMaterial": 6, "UpperPattern": 1, "TrousersType": 0, "TrousersWaist": 0, "TrousersLength": 0, "TrousersModel": 0, "TrousersMaterial": 0, "TrousersPattern": 0, "SkirtType": 0, "SkirtWaist": 0, "SkirtLength": 0, "SkirtFold": 0, "SkirtMaterial": 0, "SkirtPattern": 0}], "rate": 1}