{"image_id": "looking_through_a_microscope_478", "figure": {"gender": 1, "age": 2, "height": 2, "shape": 2, "skinColor": 1, "hair": 3}, "scene": {"season": 2, "sceneClass": "37", "event": 1, "color": [[216.9275834552455, 181.00897725761274, 113.90969543822203], [35.623108763915184, 23.007850413929575, 7.890950613758122], [108.82669178379949, 70.64331256339558, 28.533618316185503], [166.81063454308293, 125.5654108800735, 68.06729072354796], [231.52845372676705, 229.51561601839325, 203.6871048093491]]}, "clothes": [{"clothType": 2, "UpperType": 5, "UpperLength": 3, "UpperModel": 3, "UpperCollar": 6, "UpperSleeveLength": 3, "UpperShouders": 1, "UpperSleeve": 0, "UpperCuff": 1, "UpperOpening": 2, "UpperMaterial": 5, "UpperPattern": 2, "TrousersType": 2, "TrousersWaist": 2, "TrousersLength": 4, "TrousersModel": 2, "TrousersMaterial": 6, "TrousersPattern": 1, "SkirtType": 0, "SkirtWaist": 0, "SkirtLength": 0, "SkirtFold": 0, "SkirtMaterial": 0, "SkirtPattern": 0}], "rate": 1}