{"image_id": "looking_through_a_telescope_498", "figure": {"gender": 0, "age": 2, "height": 2, "shape": 1, "skinColor": 2, "hair": 1}, "scene": {"season": 2, "sceneClass": "45", "event": 4, "color": [[225.65015149575174, 237.58116758416824, 244.56160116076651], [193.23560152814804, 202.82804728609497, 194.63252360700488], [149.13743466712344, 153.86046611258703, 136.15517093650914], [46.166187493582456, 51.740219735083784, 42.56253208748443], [94.38656223358967, 102.7061487638526, 87.0294650468852]]}, "clothes": [{"clothType": 1, "UpperType": 16, "UpperLength": 3, "UpperModel": 2, "UpperCollar": 5, "UpperSleeveLength": 2, "UpperShouders": 1, "UpperSleeve": 0, "UpperCuff": 1, "UpperOpening": 1, "UpperMaterial": 5, "UpperPattern": 3, "TrousersType": 0, "TrousersWaist": 0, "TrousersLength": 0, "TrousersModel": 0, "TrousersMaterial": 0, "TrousersPattern": 0, "SkirtType": 0, "SkirtWaist": 0, "SkirtLength": 0, "SkirtFold": 0, "SkirtMaterial": 0, "SkirtPattern": 0}], "rate": 1}