{"image_id": "looking_through_a_telescope_501", "figure": {"gender": 1, "age": 2, "height": 2, "shape": 2, "skinColor": 1, "hair": 2}, "scene": {"season": 5, "sceneClass": "61", "event": 4, "color": [[32.39146171693983, 27.621044083516082, 27.910046403718354], [200.43737064838245, 214.9631174126428, 225.6948074012284], [97.91545809510555, 75.05462975875099, 61.62055501324621], [142.6016493226011, 118.62305124680955, 105.272491655214], [107.98490306176572, 167.5521241656923, 206.1623583006699]]}, "clothes": [{"clothType": 1, "UpperType": 1, "UpperLength": 3, "UpperModel": 3, "UpperCollar": 6, "UpperSleeveLength": 5, "UpperShouders": 1, "UpperSleeve": 0, "UpperCuff": 1, "UpperOpening": 2, "UpperMaterial": 5, "UpperPattern": 1, "TrousersType": 0, "TrousersWaist": 0, "TrousersLength": 0, "TrousersModel": 0, "TrousersMaterial": 0, "TrousersPattern": 0, "SkirtType": 0, "SkirtWaist": 0, "SkirtLength": 0, "SkirtFold": 0, "SkirtMaterial": 0, "SkirtPattern": 0}], "rate": 1}