{"image_id": "looking_through_a_telescope_496", "figure": {"gender": 1, "age": 2, "height": 2, "shape": 3, "skinColor": 2, "hair": 1}, "scene": {"season": 2, "sceneClass": "57", "event": 1, "color": [[246.34093592434647, 249.86391732530802, 246.4423902324068], [67.83531523004439, 75.87268532213064, 78.52251079690397], [114.79570272259076, 119.93339220014532, 120.41748344370863], [24.891923402026364, 30.233145821798203, 33.68681687020916], [179.61156805518803, 181.05271071017796, 168.78305474484813]]}, "clothes": [{"clothType": 2, "UpperType": 16, "UpperLength": 3, "UpperModel": 3, "UpperCollar": 2, "UpperSleeveLength": 2, "UpperShouders": 1, "UpperSleeve": 0, "UpperCuff": 1, "UpperOpening": 1, "UpperMaterial": 5, "UpperPattern": 1, "TrousersType": 2, "TrousersWaist": 2, "TrousersLength": 4, "TrousersModel": 2, "TrousersMaterial": 6, "TrousersPattern": 1, "SkirtType": 0, "SkirtWaist": 0, "SkirtLength": 0, "SkirtFold": 0, "SkirtMaterial": 0, "SkirtPattern": 0}], "rate": 1}