{"image_id": "looking_through_a_microscope_486", "figure": {"gender": 1, "age": 2, "height": 2, "shape": 2, "skinColor": 1, "hair": 1}, "scene": {"season": 2, "sceneClass": "37", "event": 1, "color": [[168.33965322808223, 160.3856427967285, 126.62644488299992], [77.47147193299463, 65.76024897221998, 53.34168363622412], [121.41380149205312, 109.43979078819348, 81.138217645151], [21.50640723439072, 23.532464749495517, 26.194102772896926], [229.3539204545431, 229.56551136363984, 215.37732954545473]]}, "clothes": [{"clothType": 1, "UpperType": 16, "UpperLength": 3, "UpperModel": 3, "UpperCollar": 5, "UpperSleeveLength": 2, "UpperShouders": 1, "UpperSleeve": 0, "UpperCuff": 1, "UpperOpening": 1, "UpperMaterial": 5, "UpperPattern": 3, "TrousersType": 0, "TrousersWaist": 0, "TrousersLength": 0, "TrousersModel": 0, "TrousersMaterial": 0, "TrousersPattern": 0, "SkirtType": 0, "SkirtWaist": 0, "SkirtLength": 0, "SkirtFold": 0, "SkirtMaterial": 0, "SkirtPattern": 0}], "rate": 1}