{"image_id": "looking_through_a_microscope_482", "figure": {"gender": 1, "age": 2, "height": 2, "shape": 2, "skinColor": 1, "hair": 2}, "scene": {"season": 5, "sceneClass": "37", "event": 1, "color": [[173.8590608744539, 169.44541684240204, 169.44281597075658], [207.20466981131918, 207.17551886792768, 213.67594339622588], [143.97084423559525, 129.6955732365033, 129.40705932610652], [97.50816164817624, 77.39572107765557, 81.62971473850891], [39.27743829854619, 28.61003094992701, 34.49329418299958]]}, "clothes": [{"clothType": 1, "UpperType": 16, "UpperLength": 5, "UpperModel": 4, "UpperCollar": 6, "UpperSleeveLength": 5, "UpperShouders": 1, "UpperSleeve": 0, "UpperCuff": 1, "UpperOpening": 2, "UpperMaterial": 5, "UpperPattern": 1, "TrousersType": 0, "TrousersWaist": 0, "TrousersLength": 0, "TrousersModel": 0, "TrousersMaterial": 0, "TrousersPattern": 0, "SkirtType": 0, "SkirtWaist": 0, "SkirtLength": 0, "SkirtFold": 0, "SkirtMaterial": 0, "SkirtPattern": 0}], "rate": 1}