{"image_id": "looking_through_a_microscope_485", "figure": {"gender": 0, "age": 2, "height": 2, "shape": 2, "skinColor": 1, "hair": 2}, "scene": {"season": 2, "sceneClass": "58", "event": 1, "color": [[141.77839486903696, 136.53820239940177, 133.98350344242078], [37.06398294088815, 27.534236683864165, 21.440185935261894], [98.1006756756761, 73.08284823285159, 60.422054747050176], [11.439050508643206, 109.46775536914728, 136.84350645487154], [197.6623182497561, 201.87243511346395, 208.5115504824003]]}, "clothes": [{"clothType": 1, "UpperType": 11, "UpperLength": 3, "UpperModel": 2, "UpperCollar": 4, "UpperSleeveLength": 1, "UpperShouders": 3, "UpperSleeve": 0, "UpperCuff": 3, "UpperOpening": 1, "UpperMaterial": 5, "UpperPattern": 2, "TrousersType": 0, "TrousersWaist": 0, "TrousersLength": 0, "TrousersModel": 0, "TrousersMaterial": 0, "TrousersPattern": 0, "SkirtType": 0, "SkirtWaist": 0, "SkirtLength": 0, "SkirtFold": 0, "SkirtMaterial": 0, "SkirtPattern": 0}], "rate": 1}