{"image_id": "looking_through_a_microscope_492", "figure": {"gender": 0, "age": 2, "height": 2, "shape": 2, "skinColor": 1, "hair": 2}, "scene": {"season": 5, "sceneClass": "41", "event": 1, "color": [[210.6228808051566, 221.00895029060572, 228.3016545039306], [172.9719688791269, 178.69547332762642, 183.376912481851], [143.14140219871297, 133.2825762289974, 123.00132752540816], [101.4459466459472, 76.02621082621211, 59.29054649054743], [38.693649549196195, 34.482098523454965, 33.064288514308615]]}, "clothes": [{"clothType": 1, "UpperType": 16, "UpperLength": 5, "UpperModel": 4, "UpperCollar": 6, "UpperSleeveLength": 5, "UpperShouders": 1, "UpperSleeve": 0, "UpperCuff": 1, "UpperOpening": 2, "UpperMaterial": 5, "UpperPattern": 1, "TrousersType": 0, "TrousersWaist": 0, "TrousersLength": 0, "TrousersModel": 0, "TrousersMaterial": 0, "TrousersPattern": 0, "SkirtType": 0, "SkirtWaist": 0, "SkirtLength": 0, "SkirtFold": 0, "SkirtMaterial": 0, "SkirtPattern": 0}], "rate": 1}