{"image_id": "looking_through_a_microscope_481", "figure": {"gender": 0, "age": 2, "height": 2, "shape": 2, "skinColor": 1, "hair": 2}, "scene": {"season": 2, "sceneClass": "37", "event": 1, "color": [[16.59568480300507, 8.266830371924343, 2.553305374684669], [90.87460694346308, 64.93698260925237, 24.341943143170155], [198.34688906930523, 159.90545427706965, 101.24086648461301], [150.25923350332192, 114.11536084067352, 56.41933240612003], [235.45362482614598, 202.21605528511722, 150.17911161335388]]}, "clothes": [{"clothType": 1, "UpperType": 5, "UpperLength": 3, "UpperModel": 3, "UpperCollar": 6, "UpperSleeveLength": 5, "UpperShouders": 1, "UpperSleeve": 0, "UpperCuff": 1, "UpperOpening": 2, "UpperMaterial": 5, "UpperPattern": 1, "TrousersType": 0, "TrousersWaist": 0, "TrousersLength": 0, "TrousersModel": 0, "TrousersMaterial": 0, "TrousersPattern": 0, "SkirtType": 0, "SkirtWaist": 0, "SkirtLength": 0, "SkirtFold": 0, "SkirtMaterial": 0, "SkirtPattern": 0}], "rate": 1}