{"image_id": "looking_through_a_telescope_495", "figure": {"gender": 0, "age": 2, "height": 2, "shape": 2, "skinColor": 1, "hair": 2}, "scene": {"season": 3, "sceneClass": "60", "event": 1, "color": [[197.70108491769128, 192.10768145735983, 190.20553413064027], [172.44912116606235, 149.73861023422594, 129.33878950855447], [126.88590560395136, 94.07437264334837, 74.54141204004678], [194.51619855394756, 54.671440489431475, 88.47865684093435], [68.93435266744036, 40.59514708326299, 37.67483795911585]]}, "clothes": [{"clothType": 1, "UpperType": 6, "UpperLength": 3, "UpperModel": 3, "UpperCollar": 5, "UpperSleeveLength": 5, "UpperShouders": 1, "UpperSleeve": 0, "UpperCuff": 1, "UpperOpening": 1, "UpperMaterial": 1, "UpperPattern": 1, "TrousersType": 0, "TrousersWaist": 0, "TrousersLength": 0, "TrousersModel": 0, "TrousersMaterial": 0, "TrousersPattern": 0, "SkirtType": 0, "SkirtWaist": 0, "SkirtLength": 0, "SkirtFold": 0, "SkirtMaterial": 0, "SkirtPattern": 0}], "rate": 1}