{"image_id": "looking_through_a_microscope_475", "figure": {"gender": 1, "age": 3, "height": 2, "shape": 2, "skinColor": 1, "hair": 3}, "scene": {"season": 5, "sceneClass": "37", "event": 7, "color": [[153.55815514430887, 132.8776488637454, 111.904784734874], [41.44522094398579, 34.44479088269914, 25.349424793033478], [104.08205763169761, 93.86177397568687, 77.568437640702], [203.14565377985718, 174.30411228761415, 152.10403841418318], [240.88593591047828, 217.09867751780217, 191.73766531027508]]}, "clothes": [{"clothType": 1, "UpperType": 5, "UpperLength": 3, "UpperModel": 3, "UpperCollar": 6, "UpperSleeveLength": 5, "UpperShouders": 1, "UpperSleeve": 0, "UpperCuff": 1, "UpperOpening": 2, "UpperMaterial": 5, "UpperPattern": 2, "TrousersType": 0, "TrousersWaist": 0, "TrousersLength": 0, "TrousersModel": 0, "TrousersMaterial": 0, "TrousersPattern": 0, "SkirtType": 0, "SkirtWaist": 0, "SkirtLength": 0, "SkirtFold": 0, "SkirtMaterial": 0, "SkirtPattern": 0}], "rate": 1}