{"image_id": "looking_through_a_microscope_491", "figure": {"gender": 0, "age": 2, "height": 2, "shape": 2, "skinColor": 1, "hair": 2}, "scene": {"season": 3, "sceneClass": "58", "event": 1, "color": [[34.82265208412396, 25.60232019180313, 17.124197329189784], [174.08726824457796, 165.55545364893305, 140.0194280078796], [121.38681465308247, 114.51618146530583, 99.09847161572308], [83.71779452867091, 59.18896982016315, 45.24980943508394], [221.87356630223553, 224.49258836945415, 220.48932412188196]]}, "clothes": [{"clothType": 1, "UpperType": 8, "UpperLength": 3, "UpperModel": 3, "UpperCollar": 6, "UpperSleeveLength": 5, "UpperShouders": 1, "UpperSleeve": 0, "UpperCuff": 1, "UpperOpening": 2, "UpperMaterial": 6, "UpperPattern": 1, "TrousersType": 0, "TrousersWaist": 0, "TrousersLength": 0, "TrousersModel": 0, "TrousersMaterial": 0, "TrousersPattern": 0, "SkirtType": 0, "SkirtWaist": 0, "SkirtLength": 0, "SkirtFold": 0, "SkirtMaterial": 0, "SkirtPattern": 0}], "rate": 1}