{"image_id": "looking_through_a_microscope_479", "figure": {"gender": 0, "age": 2, "height": 2, "shape": 2, "skinColor": 1, "hair": 2}, "scene": {"season": 5, "sceneClass": "52", "event": 1, "color": [[114.15967556443056, 123.19792990739076, 106.9152593668665], [191.99405414522957, 156.9248966855032, 129.58762756177794], [222.3881163084688, 204.19639696586648, 190.38185840707973], [50.943976709416546, 52.82862538358506, 44.70446140530339], [183.49482987185192, 78.88793636765449, 62.85046398585956]]}, "clothes": [{"clothType": 1, "UpperType": 6, "UpperLength": 3, "UpperModel": 3, "UpperCollar": 7, "UpperSleeveLength": 5, "UpperShouders": 1, "UpperSleeve": 0, "UpperCuff": 1, "UpperOpening": 1, "UpperMaterial": 4, "UpperPattern": 1, "TrousersType": 0, "TrousersWaist": 0, "TrousersLength": 0, "TrousersModel": 0, "TrousersMaterial": 0, "TrousersPattern": 0, "SkirtType": 0, "SkirtWaist": 0, "SkirtLength": 0, "SkirtFold": 0, "SkirtMaterial": 0, "SkirtPattern": 0}], "rate": 1}