{"image_id": "looking_through_a_microscope_480", "figure": {"gender": 1, "age": 2, "height": 2, "shape": 2, "skinColor": 2, "hair": 1}, "scene": {"season": 5, "sceneClass": "37", "event": 1, "color": [[195.0727568389865, 187.4661525952755, 178.9043197733853], [155.73436343449313, 138.3962188502344, 118.50727855909098], [225.62804770784408, 223.33715652816653, 220.28909685817342], [107.74702334120116, 87.92824547600407, 72.79286650930759], [28.076233712634036, 20.004186073937035, 17.60521195683772]]}, "clothes": [{"clothType": 1, "UpperType": 16, "UpperLength": 5, "UpperModel": 4, "UpperCollar": 6, "UpperSleeveLength": 5, "UpperShouders": 1, "UpperSleeve": 0, "UpperCuff": 1, "UpperOpening": 2, "UpperMaterial": 5, "UpperPattern": 1, "TrousersType": 0, "TrousersWaist": 0, "TrousersLength": 0, "TrousersModel": 0, "TrousersMaterial": 0, "TrousersPattern": 0, "SkirtType": 0, "SkirtWaist": 0, "SkirtLength": 0, "SkirtFold": 0, "SkirtMaterial": 0, "SkirtPattern": 0}], "rate": 1}