{"image_id": "male_elder_539", "figure": {"gender": 1, "age": 2, "height": 2, "shape": 2, "skinColor": 1, "hair": 2}, "scene": {"season": 1, "sceneClass": "3", "event": 4, "color": [[149.53810759278088, 175.26837887150816, 177.9906639669873], [69.62565541565084, 79.35819889769749, 81.5200312454029], [29.085483256919332, 32.22811610492303, 35.959247239720725], [105.34857574391393, 132.61484786487145, 136.57921545509382], [187.5948772787824, 228.07570328768514, 240.5086933738608]]}, "clothes": [{"clothType": 2, "UpperType": 10, "UpperLength": 3, "UpperModel": 3, "UpperCollar": 7, "UpperSleeveLength": 5, "UpperShouders": 1, "UpperSleeve": 0, "UpperCuff": 1, "UpperOpening": 2, "UpperMaterial": 5, "UpperPattern": 1, "TrousersType": 3, "TrousersWaist": 2, "TrousersLength": 4, "TrousersModel": 2, "TrousersMaterial": 5, "TrousersPattern": 1, "SkirtType": 0, "SkirtWaist": 0, "SkirtLength": 0, "SkirtFold": 0, "SkirtMaterial": 0, "SkirtPattern": 0}], "rate": 1}