{"image_id": "male_child_402", "figure": {"gender": 1, "age": 1, "height": 2, "shape": 2, "skinColor": 2, "hair": 1}, "scene": {"season": 4, "sceneClass": "6", "event": 1, "color": [[205.3520720781995, 200.82115865934426, 202.58622598164152], [159.18757583368262, 160.3810980894285, 160.93373683632942], [91.86424873245483, 101.83769080129656, 107.95250690773062], [41.932868064326115, 42.25421673713841, 45.26771940407055], [192.41529813537898, 124.38389177645442, 85.96752587779693]]}, "clothes": [{"clothType": 2, "UpperType": 10, "UpperLength": 4, "UpperModel": 3, "UpperCollar": 6, "UpperSleeveLength": 5, "UpperShouders": 1, "UpperSleeve": 0, "UpperCuff": 1, "UpperOpening": 3, "UpperMaterial": 5, "UpperPattern": 3, "TrousersType": 10, "TrousersWaist": 1, "TrousersLength": 4, "TrousersModel": 3, "TrousersMaterial": 4, "TrousersPattern": 1, "SkirtType": 0, "SkirtWaist": 0, "SkirtLength": 0, "SkirtFold": 0, "SkirtMaterial": 0, "SkirtPattern": 0}], "rate": 1}