{"image_id": "male_adult_382", "figure": {"gender": 1, "age": 2, "height": 3, "shape": 2, "skinColor": 2, "hair": 1}, "scene": {"season": 2, "sceneClass": "53", "event": 4, "color": [[200.74082528791214, 186.65699888645278, 184.01862063545343], [54.81314840067408, 96.9717331817552, 195.1855107774542], [133.574050441457, 178.6411021648847, 220.76821697610694], [53.23139476526346, 68.61801958134677, 54.62991128014295], [134.3764395175925, 113.16477375771072, 94.44303137469244]]}, "clothes": [{"clothType": 2, "UpperType": 0, "UpperLength": 0, "UpperModel": 0, "UpperCollar": 0, "UpperSleeveLength": 0, "UpperShouders": 0, "UpperSleeve": 0, "UpperCuff": 0, "UpperOpening": 0, "UpperMaterial": 0, "UpperPattern": 0, "TrousersType": 5, "TrousersWaist": 2, "TrousersLength": 1, "TrousersModel": 2, "TrousersMaterial": 3, "TrousersPattern": 1, "SkirtType": 0, "SkirtWaist": 0, "SkirtLength": 0, "SkirtFold": 0, "SkirtMaterial": 0, "SkirtPattern": 0}], "rate": 1}