{"image_id": "male_adult_389", "figure": {"gender": 1, "age": 2, "height": 3, "shape": 2, "skinColor": 2, "hair": 1}, "scene": {"season": 2, "sceneClass": "53", "event": 4, "color": [[26.95224973460701, 20.672796944254912, 19.999123781111805], [65.69159371177885, 141.05385798113196, 178.55602937018216], [101.94558222780765, 76.41354706051088, 67.21703578211927], [163.61247401250546, 125.17932468277573, 109.98433221020142], [198.19985681977954, 191.07910391972638, 188.87834113643333]]}, "clothes": [{"clothType": 2, "UpperType": 0, "UpperLength": 0, "UpperModel": 0, "UpperCollar": 0, "UpperSleeveLength": 0, "UpperShouders": 0, "UpperSleeve": 0, "UpperCuff": 0, "UpperOpening": 0, "UpperMaterial": 0, "UpperPattern": 0, "TrousersType": 5, "TrousersWaist": 3, "TrousersLength": 1, "TrousersModel": 2, "TrousersMaterial": 6, "TrousersPattern": 3, "SkirtType": 0, "SkirtWaist": 0, "SkirtLength": 0, "SkirtFold": 0, "SkirtMaterial": 0, "SkirtPattern": 0}], "rate": 1}