{"image_id": "male_elder_594", "figure": {"gender": 1, "age": 2, "height": 2, "shape": 2, "skinColor": 1, "hair": 2}, "scene": {"season": 2, "sceneClass": "67", "event": 4, "color": [[28.020568297815615, 33.851060552859394, 24.681308436115927], [81.24956766623168, 86.22168413582934, 62.31839903847967], [200.94228700078054, 206.3422334187569, 193.81052281336017], [158.29852460195818, 155.2706519844477, 102.74409174330961], [95.5660419439006, 129.91548772237783, 150.6882829168817]]}, "clothes": [{"clothType": 2, "UpperType": 0, "UpperLength": 0, "UpperModel": 0, "UpperCollar": 0, "UpperSleeveLength": 0, "UpperShouders": 0, "UpperSleeve": 0, "UpperCuff": 0, "UpperOpening": 0, "UpperMaterial": 0, "UpperPattern": 0, "TrousersType": 4, "TrousersWaist": 2, "TrousersLength": 2, "TrousersModel": 2, "TrousersMaterial": 5, "TrousersPattern": 3, "SkirtType": 0, "SkirtWaist": 0, "SkirtLength": 0, "SkirtFold": 0, "SkirtMaterial": 0, "SkirtPattern": 0}], "rate": 1}