{"image_id": "male_adult_381", "figure": {"gender": 1, "age": 2, "height": 3, "shape": 2, "skinColor": 2, "hair": 1}, "scene": {"season": 2, "sceneClass": "18", "event": 4, "color": [[11.320411165944975, 130.77712024409, 144.39241955882503], [172.8005634682046, 170.3999681546163, 163.83988275701785], [214.84977928239644, 207.3743092486407, 200.00970368960148], [48.53398010711818, 42.0269135424891, 33.24290742157537], [136.25091749875898, 115.50594692918398, 98.00311917554889]]}, "clothes": [{"clothType": 2, "UpperType": 0, "UpperLength": 0, "UpperModel": 0, "UpperCollar": 0, "UpperSleeveLength": 0, "UpperShouders": 0, "UpperSleeve": 0, "UpperCuff": 0, "UpperOpening": 0, "UpperMaterial": 0, "UpperPattern": 0, "TrousersType": 9, "TrousersWaist": 3, "TrousersLength": 1, "TrousersModel": 1, "TrousersMaterial": 6, "TrousersPattern": 1, "SkirtType": 0, "SkirtWaist": 0, "SkirtLength": 0, "SkirtFold": 0, "SkirtMaterial": 0, "SkirtPattern": 0}], "rate": 1}