{"image_id": "male_elder_554", "figure": {"gender": 1, "age": 3, "height": 2, "shape": 2, "skinColor": 1, "hair": 3}, "scene": {"season": 1, "sceneClass": "65", "event": 1, "color": [[53.528882025368986, 49.75934867756658, 35.567751806199894], [101.31298183294484, 99.30524953873504, 79.80107588620643], [209.78025110812848, 219.92087620986433, 222.65966974531904], [162.06289848449774, 165.26259191248096, 156.31561152834726], [40.33961124917009, 77.8611969067059, 149.59935904879137]]}, "clothes": [{"clothType": 2, "UpperType": 5, "UpperLength": 3, "UpperModel": 3, "UpperCollar": 6, "UpperSleeveLength": 5, "UpperShouders": 1, "UpperSleeve": 0, "UpperCuff": 1, "UpperOpening": 2, "UpperMaterial": 5, "UpperPattern": 1, "TrousersType": 1, "TrousersWaist": 2, "TrousersLength": 4, "TrousersModel": 2, "TrousersMaterial": 5, "TrousersPattern": 1, "SkirtType": 0, "SkirtWaist": 0, "SkirtLength": 0, "SkirtFold": 0, "SkirtMaterial": 0, "SkirtPattern": 0}], "rate": 1}