{"image_id": "male_child_439", "figure": {"gender": 1, "age": 1, "height": 2, "shape": 2, "skinColor": 2, "hair": 1}, "scene": {"season": 2, "sceneClass": "56", "event": 6, "color": [[147.2139747169827, 160.86229195840824, 167.30065268485097], [185.66748485610321, 193.72263377675617, 207.46992946231802], [245.7024367317837, 245.55042398506518, 249.77799461819126], [109.78993568236925, 106.17893972095828, 104.44408213852742], [28.11887963682588, 23.580390226593806, 28.697594924587918]]}, "clothes": [{"clothType": 1, "UpperType": 7, "UpperLength": 5, "UpperModel": 4, "UpperCollar": 5, "UpperSleeveLength": 4, "UpperShouders": 1, "UpperSleeve": 0, "UpperCuff": 2, "UpperOpening": 1, "UpperMaterial": 5, "UpperPattern": 3, "TrousersType": 0, "TrousersWaist": 0, "TrousersLength": 0, "TrousersModel": 0, "TrousersMaterial": 0, "TrousersPattern": 0, "SkirtType": 0, "SkirtWaist": 0, "SkirtLength": 0, "SkirtFold": 0, "SkirtMaterial": 0, "SkirtPattern": 0}], "rate": 1}