{"image_id": "male_elder_570", "figure": {"gender": 1, "age": 3, "height": 2, "shape": 2, "skinColor": 1, "hair": 3}, "scene": {"season": 1, "sceneClass": "65", "event": 1, "color": [[58.67510665721417, 49.36860723490523, 39.70123544572216], [197.36615832284787, 182.91663655528367, 156.26533347054033], [126.27140759553855, 116.20544069208873, 81.76968927338034], [234.4779593166927, 228.09224206877477, 210.68732570785815], [64.27315160569518, 102.60904642112648, 145.37276443535671]]}, "clothes": [{"clothType": 2, "UpperType": 5, "UpperLength": 3, "UpperModel": 3, "UpperCollar": 6, "UpperSleeveLength": 5, "UpperShouders": 1, "UpperSleeve": 0, "UpperCuff": 1, "UpperOpening": 2, "UpperMaterial": 5, "UpperPattern": 1, "TrousersType": 1, "TrousersWaist": 2, "TrousersLength": 4, "TrousersModel": 2, "TrousersMaterial": 4, "TrousersPattern": 1, "SkirtType": 0, "SkirtWaist": 0, "SkirtLength": 0, "SkirtFold": 0, "SkirtMaterial": 0, "SkirtPattern": 0}], "rate": 1}