{"image_id": "male_adult_391", "figure": {"gender": 1, "age": 2, "height": 3, "shape": 2, "skinColor": 2, "hair": 1}, "scene": {"season": 2, "sceneClass": "53", "event": 4, "color": [[56.08738075344596, 50.52282379774715, 46.871698991059986], [210.68702070088688, 208.78669249612614, 206.252093306263], [157.7539724447402, 166.10953743087666, 167.1600348570956], [49.43723496847679, 147.0295677601726, 179.22375625465548], [120.1956348019621, 102.04488741377956, 86.89558626706138]]}, "clothes": [{"clothType": 2, "UpperType": 0, "UpperLength": 0, "UpperModel": 0, "UpperCollar": 0, "UpperSleeveLength": 0, "UpperShouders": 0, "UpperSleeve": 0, "UpperCuff": 0, "UpperOpening": 0, "UpperMaterial": 0, "UpperPattern": 0, "TrousersType": 9, "TrousersWaist": 3, "TrousersLength": 1, "TrousersModel": 1, "TrousersMaterial": 6, "TrousersPattern": 1, "SkirtType": 0, "SkirtWaist": 0, "SkirtLength": 0, "SkirtFold": 0, "SkirtMaterial": 0, "SkirtPattern": 0}], "rate": 1}