{"image_id": "male_elder_549", "figure": {"gender": 1, "age": 3, "height": 2, "shape": 2, "skinColor": 1, "hair": 3}, "scene": {"season": 1, "sceneClass": "73", "event": 4, "color": [[142.68600439041037, 22.35125742777098, 36.102624049399274], [211.81509307596878, 206.4211035179145, 196.34057755703827], [159.84738953631503, 147.16833055864532, 139.47163014110518], [38.1177744209142, 34.049765021799864, 31.365508559935805], [89.45745561462742, 87.43727111988096, 81.59413139788379]]}, "clothes": [{"clothType": 2, "UpperType": 5, "UpperLength": 3, "UpperModel": 3, "UpperCollar": 6, "UpperSleeveLength": 5, "UpperShouders": 1, "UpperSleeve": 0, "UpperCuff": 1, "UpperOpening": 2, "UpperMaterial": 5, "UpperPattern": 1, "TrousersType": 1, "TrousersWaist": 2, "TrousersLength": 4, "TrousersModel": 2, "TrousersMaterial": 5, "TrousersPattern": 1, "SkirtType": 0, "SkirtWaist": 0, "SkirtLength": 0, "SkirtFold": 0, "SkirtMaterial": 0, "SkirtPattern": 0}], "rate": 1}