{"image_id": "male_child_409", "figure": {"gender": 1, "age": 1, "height": 1, "shape": 1, "skinColor": 3, "hair": 1}, "scene": {"season": 2, "sceneClass": "21", "event": 1, "color": [[90.19932633837756, 91.76670243630677, 81.88472238782242], [121.85720947584286, 122.2149163713234, 113.71568322659537], [154.13545606675083, 155.37876808105534, 151.8142493638677], [189.4136146496915, 190.03092253956123, 183.32580388329566], [51.803569919726314, 52.51628643852645, 44.73119983100972]]}, "clothes": [{"clothType": 1, "UpperType": 16, "UpperLength": 3, "UpperModel": 3, "UpperCollar": 5, "UpperSleeveLength": 2, "UpperShouders": 1, "UpperSleeve": 0, "UpperCuff": 3, "UpperOpening": 1, "UpperMaterial": 5, "UpperPattern": 3, "TrousersType": 0, "TrousersWaist": 0, "TrousersLength": 0, "TrousersModel": 0, "TrousersMaterial": 0, "TrousersPattern": 0, "SkirtType": 0, "SkirtWaist": 0, "SkirtLength": 0, "SkirtFold": 0, "SkirtMaterial": 0, "SkirtPattern": 0}], "rate": 1}