{"image_id": "male_elder_573", "figure": {"gender": 1, "age": 3, "height": 2, "shape": 2, "skinColor": 1, "hair": 3}, "scene": {"season": 1, "sceneClass": "65", "event": 1, "color": [[209.33304982216552, 229.20102750233468, 245.21248532779322], [130.6349354233196, 138.9852888882583, 148.4876393946419], [169.23304109373666, 180.72212059268546, 192.93661419718296], [88.95935016926582, 96.90615129666111, 106.37806231086144], [32.24733066400148, 42.20408287072395, 54.05842205844044]]}, "clothes": [{"clothType": 2, "UpperType": 5, "UpperLength": 3, "UpperModel": 3, "UpperCollar": 6, "UpperSleeveLength": 5, "UpperShouders": 1, "UpperSleeve": 0, "UpperCuff": 1, "UpperOpening": 2, "UpperMaterial": 5, "UpperPattern": 1, "TrousersType": 1, "TrousersWaist": 2, "TrousersLength": 4, "TrousersModel": 2, "TrousersMaterial": 5, "TrousersPattern": 1, "SkirtType": 0, "SkirtWaist": 0, "SkirtLength": 0, "SkirtFold": 0, "SkirtMaterial": 0, "SkirtPattern": 0}], "rate": 1}