{"image_id": "male_elder_533", "figure": {"gender": 1, "age": 2, "height": 2, "shape": 2, "skinColor": 1, "hair": 2}, "scene": {"season": 3, "sceneClass": "22", "event": 1, "color": [[24.01820046834706, 40.49287340770144, 37.94171714901732], [179.8201393954491, 174.83229597209427, 163.4368587405677], [130.40712371513698, 132.08657270239428, 119.1210150404815], [68.01702439342361, 85.04103336085643, 75.99876171513792], [230.71483596444438, 229.20852764183292, 225.8368192799236]]}, "clothes": [{"clothType": 1, "UpperType": 8, "UpperLength": 4, "UpperModel": 3, "UpperCollar": 7, "UpperSleeveLength": 5, "UpperShouders": 1, "UpperSleeve": 0, "UpperCuff": 1, "UpperOpening": 4, "UpperMaterial": 2, "UpperPattern": 1, "TrousersType": 0, "TrousersWaist": 0, "TrousersLength": 0, "TrousersModel": 0, "TrousersMaterial": 0, "TrousersPattern": 0, "SkirtType": 0, "SkirtWaist": 0, "SkirtLength": 0, "SkirtFold": 0, "SkirtMaterial": 0, "SkirtPattern": 0}], "rate": 1}