{"image_id": "male_elder_531", "figure": {"gender": 1, "age": 2, "height": 2, "shape": 2, "skinColor": 1, "hair": 2}, "scene": {"season": 2, "sceneClass": "46", "event": 4, "color": [[70.5806998162918, 75.54803324064521, 50.042500372353906], [105.28809179880668, 105.84284810023965, 84.59220943631765], [32.974053621857664, 39.089687913835476, 21.667734439397975], [201.59038173453462, 209.57752238902657, 215.05736952040587], [154.56769363437115, 148.64256036374383, 129.63658278455642]]}, "clothes": [{"clothType": 2, "UpperType": 16, "UpperLength": 3, "UpperModel": 3, "UpperCollar": 2, "UpperSleeveLength": 2, "UpperShouders": 1, "UpperSleeve": 0, "UpperCuff": 1, "UpperOpening": 1, "UpperMaterial": 5, "UpperPattern": 1, "TrousersType": 5, "TrousersWaist": 2, "TrousersLength": 2, "TrousersModel": 2, "TrousersMaterial": 5, "TrousersPattern": 1, "SkirtType": 0, "SkirtWaist": 0, "SkirtLength": 0, "SkirtFold": 0, "SkirtMaterial": 0, "SkirtPattern": 0}], "rate": 1}