{"image_id": "phoning_523", "figure": {"gender": 0, "age": 2, "height": 2, "shape": 2, "skinColor": 1, "hair": 2}, "scene": {"season": 2, "sceneClass": "53", "event": 1, "color": [[39.65408411541193, 37.03582435406936, 40.95847526357902], [248.17395702267896, 247.10791207164246, 242.41205930969647], [225.31633702292186, 204.1946410209869, 186.32063146434297], [175.08196053584308, 158.76412020275174, 131.27362418537203], [110.12717488789104, 94.86125560538159, 83.32726457398955]]}, "clothes": [{"clothType": 4, "UpperType": 16, "UpperLength": 3, "UpperModel": 1, "UpperCollar": 9, "UpperSleeveLength": 1, "UpperShouders": 3, "UpperSleeve": 0, "UpperCuff": 3, "UpperOpening": 1, "UpperMaterial": 5, "UpperPattern": 1, "TrousersType": 0, "TrousersWaist": 0, "TrousersLength": 0, "TrousersModel": 0, "TrousersMaterial": 0, "TrousersPattern": 0, "SkirtType": 4, "SkirtWaist": 2, "SkirtLength": 1, "SkirtFold": 1, "SkirtMaterial": 6, "SkirtPattern": 1}], "rate": 1}