{"image_id": "phoning_519", "figure": {"gender": 0, "age": 2, "height": 1, "shape": 2, "skinColor": 1, "hair": 2}, "scene": {"season": 2, "sceneClass": "49", "event": 1, "color": [[232.7153758253094, 213.0226130015124, 185.16276028441365], [103.00715074704821, 101.15209871519497, 101.0022673100411], [39.484639119944276, 32.77343260889907, 23.92661658169372], [171.5277761077373, 173.0376660854929, 156.12451151325826], [173.3832202685867, 170.57254603350557, 35.20330887442984]]}, "clothes": [{"clothType": 4, "UpperType": 16, "UpperLength": 3, "UpperModel": 1, "UpperCollar": 9, "UpperSleeveLength": 1, "UpperShouders": 3, "UpperSleeve": 0, "UpperCuff": 3, "UpperOpening": 1, "UpperMaterial": 5, "UpperPattern": 2, "TrousersType": 0, "TrousersWaist": 0, "TrousersLength": 0, "TrousersModel": 0, "TrousersMaterial": 0, "TrousersPattern": 0, "SkirtType": 1, "SkirtWaist": 2, "SkirtLength": 2, "SkirtFold": 2, "SkirtMaterial": 6, "SkirtPattern": 2}], "rate": 1}