{"image_id": "phoning_517", "figure": {"gender": 0, "age": 2, "height": 2, "shape": 2, "skinColor": 1, "hair": 2}, "scene": {"season": 2, "sceneClass": "65", "event": 1, "color": [[41.671714345667965, 12.712806882557743, 7.773973560879213], [183.06390245136583, 195.95719598269113, 210.7431505982865], [97.98581444643763, 85.33561606609042, 73.0205445948152], [162.6703192747347, 156.18636184469597, 143.55837603468632], [217.29417255634175, 11.825710094680502, 23.08027737031739]]}, "clothes": [], "rate": 1}