{"image_id": "phoning_524", "figure": {"gender": 0, "age": 2, "height": 2, "shape": 2, "skinColor": 1, "hair": 2}, "scene": {"season": 2, "sceneClass": "57", "event": 1, "color": [[62.2890479644261, 26.32055122827883, 11.815111475511031], [245.33565763763562, 226.35515880617436, 243.5791348990437], [111.2081098390823, 63.68925626450901, 36.754102954125486], [160.33605862705002, 108.35021686026226, 73.17847350316586], [228.17384965299837, 157.49373068175058, 107.13016854260236]]}, "clothes": [{"clothType": 4, "UpperType": 16, "UpperLength": 3, "UpperModel": 1, "UpperCollar": 10, "UpperSleeveLength": 1, "UpperShouders": 3, "UpperSleeve": 0, "UpperCuff": 3, "UpperOpening": 1, "UpperMaterial": 5, "UpperPattern": 3, "TrousersType": 0, "TrousersWaist": 0, "TrousersLength": 0, "TrousersModel": 0, "TrousersMaterial": 0, "TrousersPattern": 0, "SkirtType": 1, "SkirtWaist": 2, "SkirtLength": 1, "SkirtFold": 2, "SkirtMaterial": 6, "SkirtPattern": 3}], "rate": 1}