{"image_id": "phoning_515", "figure": {"gender": 0, "age": 2, "height": 2, "shape": 2, "skinColor": 1, "hair": 2}, "scene": {"season": 2, "sceneClass": "32", "event": 3, "color": [[78.84274153010877, 63.86415502161256, 52.42081783452153], [24.42110746368546, 28.17492579560588, 26.961590627641762], [131.92476573681583, 135.86314169209774, 141.4838918743826], [159.39122772664814, 104.79640689249983, 44.655423927939694], [212.02555408534428, 221.70980813760923, 224.82194839563442]]}, "clothes": [{"clothType": 4, "UpperType": 16, "UpperLength": 3, "UpperModel": 1, "UpperCollar": 4, "UpperSleeveLength": 4, "UpperShouders": 1, "UpperSleeve": 0, "UpperCuff": 1, "UpperOpening": 1, "UpperMaterial": 5, "UpperPattern": 1, "TrousersType": 0, "TrousersWaist": 0, "TrousersLength": 0, "TrousersModel": 0, "TrousersMaterial": 0, "TrousersPattern": 0, "SkirtType": 3, "SkirtWaist": 2, "SkirtLength": 1, "SkirtFold": 2, "SkirtMaterial": 6, "SkirtPattern": 1}], "rate": 1}