{"image_id": "playing_violin_554", "figure": {"gender": 0, "age": 2, "height": 2, "shape": 3, "skinColor": 1, "hair": 2}, "scene": {"season": 1, "sceneClass": "65", "event": 1, "color": [[10.56488679016492, 8.50173144448506, 7.51589780845277], [103.88082175790808, 91.5941403058246, 77.07941325240289], [52.16420581655464, 46.698434004472546, 36.75432174089857], [177.46529159881584, 161.48344490681853, 135.8674989445738], [243.51317790167002, 238.98327420172052, 227.02829869910482]]}, "clothes": [{"clothType": 1, "UpperType": 1, "UpperLength": 3, "UpperModel": 3, "UpperCollar": 6, "UpperSleeveLength": 5, "UpperShouders": 1, "UpperSleeve": 0, "UpperCuff": 1, "UpperOpening": 2, "UpperMaterial": 5, "UpperPattern": 1, "TrousersType": 0, "TrousersWaist": 0, "TrousersLength": 0, "TrousersModel": 0, "TrousersMaterial": 0, "TrousersPattern": 0, "SkirtType": 0, "SkirtWaist": 0, "SkirtLength": 0, "SkirtFold": 0, "SkirtMaterial": 0, "SkirtPattern": 0}], "rate": 1}