{"image_id": "playing_guitar_527", "figure": {"gender": 1, "age": 2, "height": 2, "shape": 2, "skinColor": 1, "hair": 3}, "scene": {"season": 3, "sceneClass": "44", "event": 1, "color": [[35.21468880862014, 30.477651372188, 25.510486871196576], [69.07599305842045, 57.024554406084306, 40.99376791724093], [105.80094730889002, 89.73412904137999, 67.75980299745545], [168.25257564034456, 138.61911064055568, 97.65358146353663], [226.371341533956, 199.79304361238638, 176.90648980064412]]}, "clothes": [{"clothType": 1, "UpperType": 1, "UpperLength": 3, "UpperModel": 3, "UpperCollar": 6, "UpperSleeveLength": 5, "UpperShouders": 1, "UpperSleeve": 0, "UpperCuff": 1, "UpperOpening": 2, "UpperMaterial": 5, "UpperPattern": 1, "TrousersType": 0, "TrousersWaist": 0, "TrousersLength": 0, "TrousersModel": 0, "TrousersMaterial": 0, "TrousersPattern": 0, "SkirtType": 0, "SkirtWaist": 0, "SkirtLength": 0, "SkirtFold": 0, "SkirtMaterial": 0, "SkirtPattern": 0}], "rate": 1}