{"image_id": "playing_guitar_526", "figure": {"gender": 1, "age": 2, "height": 2, "shape": 2, "skinColor": 1, "hair": 2}, "scene": {"season": 2, "sceneClass": "44", "event": 1, "color": [[77.59265633964043, 65.04769076304859, 49.6630091795775], [207.7691690861315, 193.83699709663642, 200.0304991013431], [182.6797901267684, 165.98337865267592, 164.2427329478013], [144.65410563423083, 111.61162098097601, 90.74946818209494], [218.96471457602289, 180.2126978262213, 121.13553790258015]]}, "clothes": [{"clothType": 1, "UpperType": 5, "UpperLength": 3, "UpperModel": 3, "UpperCollar": 6, "UpperSleeveLength": 5, "UpperShouders": 1, "UpperSleeve": 0, "UpperCuff": 1, "UpperOpening": 2, "UpperMaterial": 5, "UpperPattern": 1, "TrousersType": 0, "TrousersWaist": 0, "TrousersLength": 0, "TrousersModel": 0, "TrousersMaterial": 0, "TrousersPattern": 0, "SkirtType": 0, "SkirtWaist": 0, "SkirtLength": 0, "SkirtFold": 0, "SkirtMaterial": 0, "SkirtPattern": 0}], "rate": 1}