{"image_id": "playing_guitar_534", "figure": {"gender": 0, "age": 2, "height": 2, "shape": 2, "skinColor": 1, "hair": 2}, "scene": {"season": 2, "sceneClass": "18", "event": 1, "color": [[175.5552946088417, 150.66619696258044, 116.83842179426959], [124.79245183703574, 112.00705337403909, 89.84419412569741], [219.0575448522299, 200.6576341844716, 173.82245217002966], [63.475623138423984, 58.56529236557439, 50.724721743219774], [22.62099556431852, 164.86840808279962, 194.875800887137]]}, "clothes": [{"clothType": 4, "UpperType": 16, "UpperLength": 3, "UpperModel": 1, "UpperCollar": 9, "UpperSleeveLength": 6, "UpperShouders": 3, "UpperSleeve": 0, "UpperCuff": 3, "UpperOpening": 1, "UpperMaterial": 5, "UpperPattern": 2, "TrousersType": 0, "TrousersWaist": 0, "TrousersLength": 0, "TrousersModel": 0, "TrousersMaterial": 0, "TrousersPattern": 0, "SkirtType": 4, "SkirtWaist": 2, "SkirtLength": 2, "SkirtFold": 2, "SkirtMaterial": 6, "SkirtPattern": 2}], "rate": 1}