{"image_id": "playing_violin_546", "figure": {"gender": 1, "age": 2, "height": 2, "shape": 2, "skinColor": 1, "hair": 2}, "scene": {"season": 2, "sceneClass": "24", "event": 1, "color": [[191.73608748481206, 189.5676063183483, 171.59392466585936], [167.29900057520845, 146.19553494391704, 103.22364825999347], [117.31089449541352, 94.19545107033716, 58.109518348626395], [232.8054255086409, 232.2152701815803, 208.73607525705825], [60.56984718396954, 43.13899238619369, 28.29866623468142]]}, "clothes": [{"clothType": 1, "UpperType": 5, "UpperLength": 3, "UpperModel": 4, "UpperCollar": 6, "UpperSleeveLength": 5, "UpperShouders": 1, "UpperSleeve": 0, "UpperCuff": 1, "UpperOpening": 2, "UpperMaterial": 5, "UpperPattern": 1, "TrousersType": 0, "TrousersWaist": 0, "TrousersLength": 0, "TrousersModel": 0, "TrousersMaterial": 0, "TrousersPattern": 0, "SkirtType": 0, "SkirtWaist": 0, "SkirtLength": 0, "SkirtFold": 0, "SkirtMaterial": 0, "SkirtPattern": 0}], "rate": 1}