{"image_id": "pouring_liquid_564", "figure": {"gender": 0, "age": 2, "height": 2, "shape": 1, "skinColor": 2, "hair": 1}, "scene": {"season": 2, "sceneClass": "34", "event": 1, "color": [[33.67834291683177, 22.23430128568053, 8.042555490192946], [203.35525644453196, 167.33377876042826, 87.13112563472981], [74.71956299831639, 50.85339476370347, 18.2187491378561], [144.72132629992575, 110.27373775433223, 50.74837980406939], [197.67674851049543, 186.42605593716146, 146.58145800917978]]}, "clothes": [{"clothType": 1, "UpperType": 16, "UpperLength": 3, "UpperModel": 2, "UpperCollar": 5, "UpperSleeveLength": 5, "UpperShouders": 1, "UpperSleeve": 0, "UpperCuff": 1, "UpperOpening": 1, "UpperMaterial": 5, "UpperPattern": 3, "TrousersType": 0, "TrousersWaist": 0, "TrousersLength": 0, "TrousersModel": 0, "TrousersMaterial": 0, "TrousersPattern": 0, "SkirtType": 0, "SkirtWaist": 0, "SkirtLength": 0, "SkirtFold": 0, "SkirtMaterial": 0, "SkirtPattern": 0}], "rate": 1}