{"image_id": "pouring_liquid_565", "figure": {"gender": 0, "age": 1, "height": 1, "shape": 2, "skinColor": 1, "hair": 2}, "scene": {"season": 2, "sceneClass": "33", "event": 1, "color": [[156.66736793818094, 132.0716483307865, 123.48372707356204], [113.21164969725262, 85.9902327233398, 73.8629790616554], [238.49713381196844, 243.25842048732693, 243.0021708406221], [189.2305738134562, 192.03091522507515, 193.97434036317907], [56.32790215530528, 52.9090845844631, 43.12945776342049]]}, "clothes": [{"clothType": 1, "UpperType": 16, "UpperLength": 3, "UpperModel": 3, "UpperCollar": 5, "UpperSleeveLength": 5, "UpperShouders": 1, "UpperSleeve": 0, "UpperCuff": 1, "UpperOpening": 1, "UpperMaterial": 5, "UpperPattern": 1, "TrousersType": 0, "TrousersWaist": 0, "TrousersLength": 0, "TrousersModel": 0, "TrousersMaterial": 0, "TrousersPattern": 0, "SkirtType": 0, "SkirtWaist": 0, "SkirtLength": 0, "SkirtFold": 0, "SkirtMaterial": 0, "SkirtPattern": 0}], "rate": 1}