{"image_id": "pouring_liquid_563", "figure": {"gender": 0, "age": 2, "height": 2, "shape": 2, "skinColor": 2, "hair": 1}, "scene": {"season": 2, "sceneClass": "6", "event": 1, "color": [[70.72491807089155, 79.48671237652631, 191.79078210344457], [32.642186700044235, 24.792607656870175, 32.72041925023875], [96.30758273066299, 53.45441595442172, 52.65585506613634], [228.25492757739727, 186.26975291111117, 158.95558080090802], [147.504933099069, 112.80112177321183, 102.08994458710657]]}, "clothes": [{"clothType": 1, "UpperType": 16, "UpperLength": 3, "UpperModel": 2, "UpperCollar": 7, "UpperSleeveLength": 4, "UpperShouders": 1, "UpperSleeve": 0, "UpperCuff": 1, "UpperOpening": 2, "UpperMaterial": 5, "UpperPattern": 3, "TrousersType": 0, "TrousersWaist": 0, "TrousersLength": 0, "TrousersModel": 0, "TrousersMaterial": 0, "TrousersPattern": 0, "SkirtType": 0, "SkirtWaist": 0, "SkirtLength": 0, "SkirtFold": 0, "SkirtMaterial": 0, "SkirtPattern": 0}], "rate": 1}