{"image_id": "pouring_liquid_562", "figure": {"gender": 0, "age": 2, "height": 2, "shape": 2, "skinColor": 1, "hair": 2}, "scene": {"season": 3, "sceneClass": "3", "event": 1, "color": [[190.88486375807216, 183.7372289599415, 192.5927967658952], [221.77877375403375, 214.28031552527708, 219.32534958766618], [153.5415214271069, 140.55566946893603, 149.26860775066666], [207.17234848484867, 146.97348484848513, 106.39220328282862], [138.24045185583643, 83.90989779451297, 71.43706293706309]]}, "clothes": [{"clothType": 1, "UpperType": 7, "UpperLength": 3, "UpperModel": 3, "UpperCollar": 2, "UpperSleeveLength": 5, "UpperShouders": 1, "UpperSleeve": 0, "UpperCuff": 1, "UpperOpening": 1, "UpperMaterial": 5, "UpperPattern": 2, "TrousersType": 0, "TrousersWaist": 0, "TrousersLength": 0, "TrousersModel": 0, "TrousersMaterial": 0, "TrousersPattern": 0, "SkirtType": 0, "SkirtWaist": 0, "SkirtLength": 0, "SkirtFold": 0, "SkirtMaterial": 0, "SkirtPattern": 0}], "rate": 1}