{"image_id": "pushing_a_cart_566", "figure": {"gender": 0, "age": 1, "height": 1, "shape": 2, "skinColor": 1, "hair": 2}, "scene": {"season": 2, "sceneClass": "32", "event": 1, "color": [[135.20621566282117, 125.2273805420964, 139.28795588622742], [112.37418934822324, 97.71958334376636, 103.23043793975559], [70.72041880229362, 60.077934025494635, 69.26381039996565], [160.8139336741388, 11.800825796301694, 62.0359811246571], [217.89208904540143, 192.3808325996713, 176.60206263363006]]}, "clothes": [{"clothType": 4, "UpperType": 16, "UpperLength": 3, "UpperModel": 4, "UpperCollar": 9, "UpperSleeveLength": 6, "UpperShouders": 3, "UpperSleeve": 0, "UpperCuff": 3, "UpperOpening": 1, "UpperMaterial": 5, "UpperPattern": 1, "TrousersType": 0, "TrousersWaist": 0, "TrousersLength": 0, "TrousersModel": 0, "TrousersMaterial": 0, "TrousersPattern": 0, "SkirtType": 1, "SkirtWaist": 2, "SkirtLength": 3, "SkirtFold": 1, "SkirtMaterial": 6, "SkirtPattern": 1}], "rate": 1}