{"image_id": "pushing_a_cart_569", "figure": {"gender": 0, "age": 1, "height": 1, "shape": 2, "skinColor": 1, "hair": 2}, "scene": {"season": 2, "sceneClass": "48", "event": 1, "color": [[84.01654905563123, 79.48688184614397, 84.07297451528918], [121.99264705882386, 127.80127606598055, 138.80921257391776], [193.04417471719577, 176.74543803154342, 151.2591858640906], [37.84872745659675, 38.901188269004685, 42.69994100792025], [191.37857601026434, 23.308659397047776, 63.81257216164268]]}, "clothes": [{"clothType": 4, "UpperType": 16, "UpperLength": 3, "UpperModel": 4, "UpperCollar": 9, "UpperSleeveLength": 6, "UpperShouders": 3, "UpperSleeve": 0, "UpperCuff": 3, "UpperOpening": 1, "UpperMaterial": 5, "UpperPattern": 1, "TrousersType": 0, "TrousersWaist": 0, "TrousersLength": 0, "TrousersModel": 0, "TrousersMaterial": 0, "TrousersPattern": 0, "SkirtType": 1, "SkirtWaist": 2, "SkirtLength": 3, "SkirtFold": 1, "SkirtMaterial": 6, "SkirtPattern": 1}], "rate": 1}