{"image_id": "reading_579", "figure": {"gender": 1, "age": 1, "height": 1, "shape": 2, "skinColor": 1, "hair": 2}, "scene": {"season": 2, "sceneClass": "40", "event": 1, "color": [[61.215013571849994, 88.58234325635661, 72.85002002402697], [230.17938015236334, 222.96639883127344, 205.9206233260267], [26.40577925840809, 25.955895133263397, 16.20506228273271], [190.36708721282952, 176.88986832681604, 144.63930361963298], [139.1199646420002, 124.46426316454091, 87.15184998105832]]}, "clothes": [{"clothType": 1, "UpperType": 16, "UpperLength": 3, "UpperModel": 3, "UpperCollar": 2, "UpperSleeveLength": 2, "UpperShouders": 1, "UpperSleeve": 0, "UpperCuff": 1, "UpperOpening": 1, "UpperMaterial": 5, "UpperPattern": 1, "TrousersType": 0, "TrousersWaist": 0, "TrousersLength": 0, "TrousersModel": 0, "TrousersMaterial": 0, "TrousersPattern": 0, "SkirtType": 0, "SkirtWaist": 0, "SkirtLength": 0, "SkirtFold": 0, "SkirtMaterial": 0, "SkirtPattern": 0}], "rate": 1}