{"image_id": "reading_591", "figure": {"gender": 1, "age": 1, "height": 1, "shape": 2, "skinColor": 1, "hair": 2}, "scene": {"season": 1, "sceneClass": "33", "event": 1, "color": [[166.1535776614317, 38.96270003253656, 29.826870174811397], [188.66816793295328, 142.587608678625, 73.4402365473491], [235.51454626334555, 227.78532028469442, 198.58914590746696], [77.94813705298738, 34.12895525182779, 26.81618610746913], [113.88730300327214, 115.90032708890894, 142.6933690157588]]}, "clothes": [{"clothType": 1, "UpperType": 7, "UpperLength": 3, "UpperModel": 3, "UpperCollar": 8, "UpperSleeveLength": 5, "UpperShouders": 1, "UpperSleeve": 0, "UpperCuff": 1, "UpperOpening": 1, "UpperMaterial": 5, "UpperPattern": 3, "TrousersType": 0, "TrousersWaist": 0, "TrousersLength": 0, "TrousersModel": 0, "TrousersMaterial": 0, "TrousersPattern": 0, "SkirtType": 0, "SkirtWaist": 0, "SkirtLength": 0, "SkirtFold": 0, "SkirtMaterial": 0, "SkirtPattern": 0}], "rate": 1}