{"image_id": "reading_575", "figure": {"gender": 1, "age": 3, "height": 2, "shape": 3, "skinColor": 1, "hair": 3}, "scene": {"season": 4, "sceneClass": "6", "event": 1, "color": [[18.62506652670423, 12.837988378770874, 5.46118122232501], [157.42725384967875, 135.06101956975743, 114.05476299631113], [126.0255043332625, 96.96674677736438, 70.73353725147405], [76.56993907674429, 59.1423723269404, 42.0114486650062], [229.04879267278196, 216.64199833471142, 206.9057119067355]]}, "clothes": [{"clothType": 1, "UpperType": 8, "UpperLength": 3, "UpperModel": 3, "UpperCollar": 6, "UpperSleeveLength": 5, "UpperShouders": 1, "UpperSleeve": 0, "UpperCuff": 1, "UpperOpening": 2, "UpperMaterial": 3, "UpperPattern": 1, "TrousersType": 0, "TrousersWaist": 0, "TrousersLength": 0, "TrousersModel": 0, "TrousersMaterial": 0, "TrousersPattern": 0, "SkirtType": 0, "SkirtWaist": 0, "SkirtLength": 0, "SkirtFold": 0, "SkirtMaterial": 0, "SkirtPattern": 0}], "rate": 1}