{"image_id": "reading_595", "figure": {"gender": 0, "age": 1, "height": 1, "shape": 2, "skinColor": 1, "hair": 2}, "scene": {"season": 2, "sceneClass": "71", "event": 1, "color": [[239.74049218909602, 223.87508527184966, 216.41507776791772], [211.2250051871791, 191.16345061307106, 182.67491675806443], [187.72169858921856, 146.87526994570862, 117.21438230367391], [131.89327607204405, 78.22900241436894, 63.13362391300154], [45.278101268624425, 30.58057874111637, 29.873823809417416]]}, "clothes": [{"clothType": 4, "UpperType": 16, "UpperLength": 3, "UpperModel": 3, "UpperCollar": 9, "UpperSleeveLength": 5, "UpperShouders": 1, "UpperSleeve": 0, "UpperCuff": 1, "UpperOpening": 1, "UpperMaterial": 5, "UpperPattern": 3, "TrousersType": 0, "TrousersWaist": 0, "TrousersLength": 0, "TrousersModel": 0, "TrousersMaterial": 0, "TrousersPattern": 0, "SkirtType": 5, "SkirtWaist": 2, "SkirtLength": 2, "SkirtFold": 2, "SkirtMaterial": 6, "SkirtPattern": 3}], "rate": 1}