{"image_id": "reading_572", "figure": {"gender": 1, "age": 1, "height": 1, "shape": 2, "skinColor": 1, "hair": 2}, "scene": {"season": 3, "sceneClass": "71", "event": 1, "color": [[192.53386835760747, 173.6513425146118, 157.93447603950096], [124.06998473060358, 66.70573693012182, 46.267141714540614], [149.59022712671455, 129.33698650844636, 112.76860284947635], [221.68584470038718, 220.0361976540496, 216.92622472268448], [71.85171170105752, 32.19966889374801, 21.25418317271084]]}, "clothes": [{"clothType": 1, "UpperType": 16, "UpperLength": 3, "UpperModel": 3, "UpperCollar": 5, "UpperSleeveLength": 5, "UpperShouders": 1, "UpperSleeve": 0, "UpperCuff": 1, "UpperOpening": 1, "UpperMaterial": 5, "UpperPattern": 1, "TrousersType": 0, "TrousersWaist": 0, "TrousersLength": 0, "TrousersModel": 0, "TrousersMaterial": 0, "TrousersPattern": 0, "SkirtType": 0, "SkirtWaist": 0, "SkirtLength": 0, "SkirtFold": 0, "SkirtMaterial": 0, "SkirtPattern": 0}], "rate": 1}