{"image_id": "reading_583", "figure": {"gender": 0, "age": 2, "height": 2, "shape": 2, "skinColor": 1, "hair": 2}, "scene": {"season": 2, "sceneClass": "46", "event": 1, "color": [[37.25272390872122, 31.170629753992316, 22.61598026451155], [76.53411830474084, 73.7241186541348, 45.7599315188145], [126.73793133307399, 111.77494912759225, 79.88431398017056], [173.29535173037732, 160.49553268491206, 147.23478850938633], [207.9941918561067, 211.87072195852994, 218.16368973269823]]}, "clothes": [{"clothType": 1, "UpperType": 9, "UpperLength": 4, "UpperModel": 4, "UpperCollar": 6, "UpperSleeveLength": 5, "UpperShouders": 1, "UpperSleeve": 0, "UpperCuff": 1, "UpperOpening": 4, "UpperMaterial": 2, "UpperPattern": 1, "TrousersType": 0, "TrousersWaist": 0, "TrousersLength": 0, "TrousersModel": 0, "TrousersMaterial": 0, "TrousersPattern": 0, "SkirtType": 0, "SkirtWaist": 0, "SkirtLength": 0, "SkirtFold": 0, "SkirtMaterial": 0, "SkirtPattern": 0}], "rate": 1}