{"image_id": "reading_589", "figure": {"gender": 1, "age": 2, "height": 2, "shape": 2, "skinColor": 2, "hair": 1}, "scene": {"season": 2, "sceneClass": "40", "event": 1, "color": [[200.62774832619084, 172.9508310980663, 139.62143324814832], [32.80569002755654, 32.040043693059005, 36.991360691147136], [61.548970442978714, 108.74386444799079, 166.25704733683136], [138.92686658506688, 104.3221389228889, 71.35939412484666], [247.7175435738743, 240.8038768529094, 224.45235380355317]]}, "clothes": [{"clothType": 1, "UpperType": 5, "UpperLength": 3, "UpperModel": 3, "UpperCollar": 6, "UpperSleeveLength": 3, "UpperShouders": 1, "UpperSleeve": 0, "UpperCuff": 1, "UpperOpening": 2, "UpperMaterial": 5, "UpperPattern": 1, "TrousersType": 0, "TrousersWaist": 0, "TrousersLength": 0, "TrousersModel": 0, "TrousersMaterial": 0, "TrousersPattern": 0, "SkirtType": 0, "SkirtWaist": 0, "SkirtLength": 0, "SkirtFold": 0, "SkirtMaterial": 0, "SkirtPattern": 0}], "rate": 1}