{"image_id": "reading_592", "figure": {"gender": 0, "age": 2, "height": 2, "shape": 2, "skinColor": 1, "hair": 2}, "scene": {"season": 2, "sceneClass": "57", "event": 1, "color": [[66.06027216771574, 59.202989065500525, 42.1665945450186], [29.609977097484204, 32.97877766554395, 22.35524907739937], [154.11984388478527, 146.614194606669, 135.26297778469774], [104.34636592194562, 102.50198560082322, 84.39769156048176], [202.55107830069923, 210.2216753819261, 214.49000307598794]]}, "clothes": [{"clothType": 1, "UpperType": 16, "UpperLength": 3, "UpperModel": 2, "UpperCollar": 2, "UpperSleeveLength": 1, "UpperShouders": 3, "UpperSleeve": 0, "UpperCuff": 3, "UpperOpening": 1, "UpperMaterial": 5, "UpperPattern": 1, "TrousersType": 0, "TrousersWaist": 0, "TrousersLength": 0, "TrousersModel": 0, "TrousersMaterial": 0, "TrousersPattern": 0, "SkirtType": 0, "SkirtWaist": 0, "SkirtLength": 0, "SkirtFold": 0, "SkirtMaterial": 0, "SkirtPattern": 0}], "rate": 1}