{"image_id": "reading_574", "figure": {"gender": 0, "age": 1, "height": 1, "shape": 2, "skinColor": 2, "hair": 1}, "scene": {"season": 3, "sceneClass": "6", "event": 1, "color": [[139.93810236087052, 34.93014541474052, 36.38494040000227], [231.7991790046596, 222.08989437757094, 219.39938194732616], [161.40553124649392, 169.76579154044663, 165.3494334118716], [230.95792287132463, 176.45498281787218, 116.29056891943503], [31.194835432319053, 15.999682506085577, 14.563340035984737]]}, "clothes": [{"clothType": 1, "UpperType": 10, "UpperLength": 3, "UpperModel": 3, "UpperCollar": 6, "UpperSleeveLength": 5, "UpperShouders": 1, "UpperSleeve": 0, "UpperCuff": 1, "UpperOpening": 2, "UpperMaterial": 5, "UpperPattern": 1, "TrousersType": 0, "TrousersWaist": 0, "TrousersLength": 0, "TrousersModel": 0, "TrousersMaterial": 0, "TrousersPattern": 0, "SkirtType": 0, "SkirtWaist": 0, "SkirtLength": 0, "SkirtFold": 0, "SkirtMaterial": 0, "SkirtPattern": 0}], "rate": 1}